Date,Remarks,SSC_Conc
1/5/71,,44
2/1/71,,40
3/1/71,,48
4/1/71,,65
5/2/71,,164
5/3/71,,104
6/1/71,,127
10/1/71,,50
11/1/71,,28
12/3/71,,24
1/7/72,,60
2/8/72,,77
3/6/72,,48
4/10/72,,95
5/8/72,,120
5/12/72,,130
5/30/72,,148
6/1/72,,172
6/6/72,,154
6/9/72,,149
6/13/72,,117
6/15/72,,139
6/23/72,,110
6/27/72,,213
7/1/72,,224
7/5/72,,185
8/10/72,,175
9/6/72,,133
9/10/72,,215
9/12/72,,154
9/17/72,,93
9/24/72,,89
10/1/72,,106
10/2/72,,104
10/3/72,,92
10/4/72,,71
10/5/72,,85
10/6/72,,94
10/7/72,,90
10/8/72,,94
10/9/72,,91
10/10/72,,72
10/11/72,,82
10/12/72,,73
10/13/72,,54
10/14/72,,54
10/15/72,,68
10/16/72,,74
10/17/72,,48
10/18/72,,48
10/19/72,,80
10/20/72,,35
10/21/72,,98
10/22/72,,87
10/23/72,,94
10/24/72,,90
10/25/72,,108
10/26/72,,103
10/27/72,,82
10/28/72,,90
10/29/72,,60
10/30/72,,47
10/31/72,,22
11/1/72,,36
11/2/72,,46
11/3/72,,52
11/4/72,,53
11/5/72,,62
11/6/72,,52
11/7/72,,48
11/8/72,,51
11/9/72,,51
11/10/72,,48
11/11/72,,114
11/12/72,,80
11/13/72,,198
11/14/72,,212
11/15/72,,120
11/16/72,,156
11/17/72,,189
11/18/72,,223
11/19/72,,154
11/20/72,,133
11/21/72,,117
11/22/72,,107
11/23/72,,106
11/24/72,,80
11/25/72,,84
11/26/72,,84
11/27/72,,82
11/28/72,,79
11/29/72,,65
11/30/72,,76
12/1/72,,64
12/2/72,,60
12/3/72,,57
12/4/72,,63
12/4/72,,70
12/4/72,,61
12/5/72,,57
12/6/72,,48
12/7/72,,54
12/8/72,,45
12/9/72,,35
12/10/72,,37
12/11/72,,33
12/12/72,,31
12/13/72,,44
12/14/72,,38
12/15/72,,35
12/16/72,,35
12/17/72,,42
12/18/72,,57
12/19/72,,65
12/20/72,,76
12/21/72,,111
12/22/72,,100
12/23/72,,88
12/24/72,,81
12/25/72,,77
12/26/72,,71
12/27/72,,77
12/28/72,,77
12/29/72,,64
12/30/72,,47
12/31/72,,52
1/1/73,,52
1/2/73,,49
1/3/73,,47
1/4/73,,47
1/5/73,,58
1/6/73,,38
1/7/73,,34
1/8/73,,32
1/8/73,,29
1/9/73,,41
1/10/73,,65
1/11/73,,89
1/12/73,,78
1/13/73,,50
1/14/73,,129
1/15/73,,105
1/16/73,,88
1/16/73,,79
1/16/73,,81
1/17/73,,106
1/18/73,,321
1/19/73,,189
1/19/73,,175
1/20/73,,242
1/21/73,,160
1/22/73,,155
1/23/73,,132
1/24/73,,111
1/25/73,,56
1/26/73,,94
1/27/73,,75
1/28/73,,86
1/29/73,,81
1/30/73,,70
1/31/73,,80
2/1/73,,110
2/2/73,,99
2/3/73,,99
2/4/73,,116
2/5/73,,123
2/6/73,,117
2/7/73,,295
2/8/73,,308
2/9/73,,163
2/10/73,,134
2/11/73,,128
2/12/73,,347
2/13/73,,439
2/14/73,,197
2/15/73,,313
2/16/73,,187
2/17/73,,211
2/18/73,,182
2/19/73,,163
2/20/73,,160
2/21/73,,69
2/22/73,,145
2/23/73,,111
2/24/73,,98
2/25/73,,97
2/26/73,,135
2/27/73,,163
2/28/73,,158
3/1/73,,206
3/2/73,,153
3/2/73,,132
3/3/73,,65
3/4/73,,116
3/5/73,,94
3/6/73,,71
3/7/73,,80
3/8/73,,97
3/9/73,,116
3/10/73,,97
3/11/73,,103
3/12/73,,62
3/13/73,,125
3/14/73,,77
3/15/73,,88
3/16/73,,71
3/17/73,,78
3/18/73,,90
3/19/73,,97
3/20/73,,165
3/20/73,,139
3/21/73,,135
3/22/73,,123
3/23/73,,92
3/24/73,,85
3/25/73,,86
3/26/73,,106
3/27/73,,126
3/28/73,,88
3/29/73,,69
3/30/73,,47
3/31/73,,77
4/1/73,,76
4/2/73,,69
4/3/73,,67
4/3/73,,50
4/3/73,,56
4/4/73,,97
4/5/73,,84
4/6/73,,97
4/7/73,,82
4/8/73,,69
4/9/73,,61
4/10/73,,78
4/11/73,,68
4/12/73,,78
4/13/73,,86
4/14/73,,71
4/15/73,,78
4/16/73,,67
4/17/73,,76
4/18/73,,69
4/19/73,,71
4/20/73,,82
4/21/73,,116
4/22/73,,142
4/23/73,,93
4/24/73,,81
4/25/73,,116
4/25/73,,71
4/26/73,,111
4/27/73,,123
4/28/73,,96
4/29/73,,89
4/30/73,,136
5/1/73,,136
5/2/73,,77
5/3/73,,82
5/4/73,,129
5/5/73,,158
5/6/73,,149
5/7/73,,124
5/8/73,,130
5/9/73,,166
5/10/73,,156
5/11/73,,112
5/12/73,,127
5/13/73,,134
5/14/73,,140
5/15/73,,153
5/16/73,,151
5/17/73,,158
5/18/73,,168
5/19/73,,120
5/20/73,,109
5/21/73,,97
5/22/73,,98
5/23/73,,104
5/24/73,,94
5/25/73,,102
5/26/73,,89
5/27/73,,90
5/28/73,,101
5/29/73,,89
5/30/73,,89
5/31/73,,97
6/1/73,,118
6/2/73,,113
6/3/73,,97
6/4/73,,101
6/5/73,,90
6/6/73,,92
6/7/73,,100
6/8/73,,86
6/9/73,,88
6/10/73,,84
6/11/73,,83
6/12/73,,67
6/12/73,,68
6/13/73,,92
6/14/73,,95
6/15/73,,112
6/16/73,,112
6/17/73,,120
6/18/73,,124
6/19/73,,141
6/20/73,,157
6/21/73,,180
6/22/73,,159
6/23/73,,141
6/24/73,,123
6/25/73,,128
6/26/73,,141
6/26/73,,153
6/27/73,,154
6/28/73,,198
6/29/73,,169
6/30/73,,159
7/1/73,,153
7/2/73,,160
7/3/73,,165
7/4/73,,150
7/5/73,,156
7/6/73,,190
7/7/73,,149
7/8/73,,158
7/9/73,,158
7/10/73,,197
7/11/73,,143
7/12/73,,185
7/13/73,,184
7/14/73,,205
7/15/73,,205
7/16/73,,180
7/17/73,,200
7/18/73,,184
7/19/73,,164
7/20/73,,181
7/21/73,,166
7/22/73,,185
7/23/73,,185
7/24/73,,180
7/25/73,,182
7/25/73,,180
7/26/73,,172
7/27/73,,180
7/28/73,,187
7/29/73,,191
7/30/73,,169
7/31/73,,152
8/1/73,,156
8/1/73,,179
8/1/73,,183
8/2/73,,146
8/3/73,,186
8/4/73,,161
8/5/73,,169
8/6/73,,137
8/7/73,,112
8/8/73,,120
8/9/73,,118
8/10/73,,116
8/11/73,,123
8/12/73,,155
8/13/73,,140
8/14/73,,157
8/15/73,,142
8/16/73,,142
8/17/73,,130
8/18/73,,122
8/19/73,,113
8/20/73,,102
8/21/73,,126
8/22/73,,113
8/23/73,,119
8/24/73,,87
8/25/73,,74
8/26/73,,112
8/27/73,,116
8/28/73,,149
8/29/73,,110
8/30/73,,101
8/31/73,,99
9/1/73,,91
9/2/73,,91
9/4/73,,97
9/5/73,,68
9/6/73,,77
9/7/73,,61
9/8/73,,90
9/9/73,,71
9/10/73,,73
9/11/73,,67
9/13/73,,75
9/14/73,,80
9/15/73,,76
9/16/73,,82
9/17/73,,84
9/18/73,,84
9/19/73,,69
9/20/73,,89
9/21/73,,89
9/22/73,,80
9/23/73,,83
9/24/73,,74
9/25/73,,71
9/26/73,,78
9/27/73,,57
9/28/73,,69
9/29/73,,63
9/30/73,,70
10/1/73,,73
10/2/73,,78
10/3/73,,80
10/4/73,,80
10/5/73,,142
10/6/73,,83
10/7/73,,91
10/8/73,,102
10/9/73,,82
10/10/73,,84
10/11/73,,89
10/12/73,,83
10/13/73,,74
10/14/73,,83
10/15/73,,73
10/16/73,,82
10/16/73,,54
10/16/73,,73
10/17/73,,87
10/18/73,,89
10/19/73,,81
10/20/73,,75
10/21/73,,73
10/22/73,,70
10/23/73,,80
10/24/73,,62
10/25/73,,67
10/26/73,,62
10/27/73,,61
10/28/73,,82
10/29/73,,60
10/30/73,,62
10/31/73,,72
10/31/73,,71
11/1/73,,60
11/2/73,,58
11/3/73,,56
11/4/73,,51
11/5/73,,44
11/6/73,,44
11/7/73,,56
11/8/73,,42
11/9/73,,47
11/10/73,,61
11/11/73,,75
11/12/73,,75
11/13/73,,62
11/14/73,,68
11/15/73,,68
11/16/73,,63
11/17/73,,60
11/18/73,,62
11/19/73,,58
11/20/73,,58
11/21/73,,73
11/22/73,,82
11/23/73,,64
11/24/73,,59
11/25/73,,54
11/26/73,,46
11/27/73,,42
11/28/73,,53
11/29/73,,61
11/29/73,,56
11/30/73,,60
12/1/73,,56
12/2/73,,51
12/3/73,,51
12/4/73,,46
12/5/73,,41
12/6/73,,56
12/7/73,,47
12/8/73,,51
12/9/73,,49
12/10/73,,42
12/11/73,,40
12/12/73,,36
12/13/73,,39
12/14/73,,42
12/15/73,,53
12/16/73,,69
12/17/73,,56
12/18/73,,45
12/18/73,,57
12/19/73,,60
12/20/73,,53
12/21/73,,54
12/22/73,,59
12/23/73,,63
12/24/73,,60
12/25/73,,61
12/26/73,,58
12/27/73,,62
12/28/73,,87
12/29/73,,147
12/31/73,,109
1/1/74,,95
1/2/74,,74
1/3/74,,69
1/5/74,,76
1/6/74,,69
1/7/74,,63
1/8/74,,80
1/8/74,,67
1/9/74,,141
1/10/74,,105
1/11/74,,99
1/12/74,,76
1/13/74,,88
1/14/74,,61
1/15/74,,77
1/16/74,,65
1/17/74,,61
1/18/74,,82
1/19/74,,87
1/20/74,,100
1/21/74,,86
1/22/74,,81
1/23/74,,84
1/24/74,,86
1/25/74,,81
1/26/74,,74
1/27/74,,87
1/28/74,,78
1/29/74,,71
1/30/74,,67
1/31/74,,57
2/1/74,,58
2/2/74,,56
2/3/74,,67
2/4/74,,56
2/5/74,,50
2/6/74,,46
2/7/74,,43
2/8/74,,46
2/9/74,,43
2/10/74,,46
2/11/74,,43
2/12/74,,47
2/13/74,,46
2/14/74,,45
2/15/74,,39
2/16/74,,39
2/17/74,,33
2/17/74,,51
2/18/74,,34
2/19/74,,44
2/20/74,,42
2/21/74,,46
2/22/74,,40
2/23/74,,40
2/24/74,,37
2/25/74,,45
2/26/74,,46
2/27/74,,41
2/28/74,,45
3/1/74,,45
3/2/74,,48
3/3/74,,97
3/4/74,,95
3/5/74,,110
3/6/74,,89
3/7/74,,119
3/8/74,,76
3/9/74,,67
3/10/74,,65
3/11/74,,67
3/12/74,,66
3/13/74,,69
3/14/74,,60
3/15/74,,63
3/16/74,,58
3/17/74,,60
3/18/74,,52
3/19/74,,50
3/20/74,,65
3/21/74,,55
3/26/74,,54
3/27/74,,99
3/28/74,,82
3/29/74,,71
3/30/74,,94
3/31/74,,75
4/1/74,,99
4/2/74,,78
4/3/74,,121
4/4/74,,93
4/5/74,,99
4/6/74,,108
4/7/74,,91
4/8/74,,89
4/9/74,,74
4/10/74,,82
4/11/74,,77
4/11/74,,81
4/12/74,,80
4/13/74,,76
4/14/74,,80
4/15/74,,76
4/16/74,,93
4/17/74,,82
4/18/74,,91
4/19/74,,76
4/20/74,,65
4/21/74,,82
4/22/74,,91
4/23/74,,77
4/24/74,,102
4/25/74,,92
4/26/74,,92
4/27/74,,91
4/28/74,,113
4/29/74,,99
4/30/74,,91
5/1/74,,82
5/2/74,,97
5/3/74,,87
5/4/74,,87
5/5/74,,90
5/6/74,,84
5/7/74,,83
5/8/74,,95
5/9/74,,81
5/10/74,,108
5/11/74,,102
5/12/74,,98
5/13/74,,94
5/14/74,,89
5/15/74,,89
5/16/74,,97
5/17/74,,95
5/18/74,,81
5/19/74,,74
5/20/74,,73
5/21/74,,76
5/22/74,,100
5/23/74,,140
5/24/74,,126
5/25/74,,115
5/26/74,,112
5/27/74,,113
5/28/74,,112
5/29/74,,143
5/30/74,,108
5/31/74,,133
6/1/74,,110
6/2/74,,96
6/3/74,,99
6/4/74,,90
6/5/74,,78
6/6/74,,76
6/7/74,,90
6/8/74,,82
6/9/74,,84
6/10/74,,94
6/11/74,,93
6/12/74,,148
6/12/74,,88
6/13/74,,153
6/14/74,,119
6/15/74,,128
6/16/74,,115
6/17/74,,104
6/18/74,,91
6/18/74,,83
6/19/74,,84
6/19/74,,88
6/20/74,,99
6/21/74,,104
6/22/74,,116
6/23/74,,108
6/24/74,,117
6/25/74,,99
6/26/74,,93
6/27/74,,104
6/28/74,,113
6/29/74,,134
6/30/74,,151
7/1/74,,147
7/2/74,,158
7/3/74,,166
7/4/74,,154
7/5/74,,174
7/6/74,,161
7/7/74,,149
7/8/74,,147
7/9/74,,153
7/10/74,,149
7/11/74,,107
7/12/74,,124
7/13/74,,129
7/14/74,,140
7/15/74,,140
7/16/74,,156
7/17/74,,160
7/18/74,,166
7/19/74,,146
7/20/74,,174
7/21/74,,190
7/22/74,,192
7/23/74,,188
7/24/74,,177
7/25/74,,172
7/26/74,,193
7/27/74,,199
7/28/74,,181
7/29/74,,185
7/30/74,,182
7/31/74,,151
8/1/74,,156
8/2/74,,163
8/3/74,,151
8/4/74,,166
8/5/74,,171
8/5/74,,157
8/6/74,,178
8/7/74,,157
8/8/74,,164
8/9/74,,173
8/10/74,,172
8/11/74,,151
8/12/74,,173
8/13/74,,171
8/14/74,,160
8/15/74,,191
8/16/74,,182
8/17/74,,149
8/18/74,,163
8/19/74,,160
8/20/74,,145
8/21/74,,131
8/22/74,,112
8/23/74,,137
8/24/74,,140
8/25/74,,132
8/26/74,,128
8/27/74,,114
8/28/74,,117
8/29/74,,106
8/30/74,,96
8/31/74,,99
9/1/74,,94
9/2/74,,101
9/3/74,,91
9/4/74,,102
9/5/74,,97
9/6/74,,101
9/7/74,,101
9/8/74,,96
9/9/74,,97
9/10/74,,91
9/10/74,,93
9/11/74,,90
9/12/74,,86
9/13/74,,89
9/14/74,,79
9/15/74,,76
9/16/74,,75
9/17/74,,71
9/18/74,,97
9/19/74,,100
9/20/74,,121
9/21/74,,97
9/22/74,,89
9/23/74,,93
9/24/74,,78
9/25/74,,83
9/26/74,,78
9/27/74,,65
9/28/74,,67
9/29/74,,66
9/30/74,,86
10/1/74,,80
10/2/74,,82
10/3/74,,74
10/4/74,,79
10/5/74,,90
10/6/74,,79
10/7/74,,79
10/8/74,,71
10/8/74,,67
10/9/74,,75
10/9/74,,55
10/10/74,,66
10/11/74,,66
10/12/74,,79
10/13/74,,78
10/14/74,,82
10/15/74,,76
10/16/74,,86
10/17/74,,92
10/18/74,,66
10/19/74,,62
10/20/74,,64
10/21/74,,66
10/22/74,,64
10/23/74,,74
10/24/74,,91
10/25/74,,96
10/26/74,,86
10/27/74,,70
10/28/74,,72
10/29/74,,70
10/30/74,,82
10/31/74,,77
11/1/74,,68
11/2/74,,70
11/3/74,,78
11/4/74,,84
11/5/74,,80
11/6/74,,68
11/7/74,,65
11/8/74,,66
11/9/74,,68
11/10/74,,61
11/11/74,,64
11/12/74,,64
11/13/74,,64
11/14/74,,70
11/15/74,,74
11/16/74,,67
11/17/74,,63
11/18/74,,74
11/19/74,,61
11/20/74,,62
11/21/74,,64
11/22/74,,63
11/23/74,,57
11/24/74,,54
11/25/74,,53
11/26/74,,60
11/27/74,,66
11/28/74,,56
11/29/74,,54
11/30/74,,58
12/1/74,,51
12/2/74,,54
12/3/74,,70
12/4/74,,73
12/5/74,,78
12/5/74,,63
12/6/74,,74
12/7/74,,76
12/8/74,,66
12/9/74,,69
12/10/74,,54
12/11/74,,60
12/12/74,,58
12/13/74,,52
12/14/74,,58
12/15/74,,50
12/16/74,,56
12/17/74,,54
12/18/74,,49
12/19/74,,42
12/20/74,,51
12/21/74,,45
12/22/74,,44
12/23/74,,40
12/24/74,,30
12/25/74,,37
12/26/74,,40
12/27/74,,38
12/28/74,,60
12/29/74,,56
12/30/74,,44
12/31/74,,32
1/1/75,,52
1/2/75,,41
1/3/75,,28
1/4/75,,60
1/5/75,,62
1/6/75,,53
1/7/75,,36
1/8/75,,60
1/9/75,,66
1/9/75,,42
1/10/75,,54
1/11/75,,52
1/12/75,,48
1/13/75,,51
1/14/75,,38
1/15/75,,60
1/16/75,,56
1/17/75,,55
1/18/75,,52
1/19/75,,58
1/20/75,,39
1/21/75,,40
1/22/75,,57
1/23/75,,63
1/24/75,,64
1/25/75,,62
1/26/75,,60
1/27/75,,46
1/28/75,,44
1/29/75,,55
1/30/75,,48
1/31/75,,64
2/1/75,,68
2/2/75,,81
2/3/75,,84
2/3/75,,67
2/4/75,,76
2/5/75,,126
2/6/75,,165
2/7/75,,156
2/8/75,,152
2/9/75,,128
2/10/75,,108
2/11/75,,109
2/12/75,,114
2/13/75,,106
2/14/75,,109
2/15/75,,154
2/16/75,,120
2/17/75,,98
2/18/75,,94
2/19/75,,92
2/20/75,,76
2/21/75,,80
2/22/75,,70
2/23/75,,59
2/24/75,,66
2/25/75,,63
2/26/75,,83
2/27/75,,63
2/28/75,,58
3/1/75,,56
3/2/75,,59
3/3/75,,61
3/3/75,,44
3/4/75,,54
3/5/75,,68
3/6/75,,68
3/7/75,,86
3/8/75,,93
3/9/75,,104
3/10/75,,121
3/11/75,,102
3/12/75,,80
3/13/75,,86
3/14/75,,100
3/15/75,,109
3/16/75,,96
3/17/75,,81
3/18/75,,82
3/19/75,,88
3/20/75,,94
3/21/75,,78
3/22/75,,76
3/23/75,,83
3/24/75,,94
3/25/75,,83
3/26/75,,146
3/27/75,,120
3/28/75,,88
3/29/75,,90
3/30/75,,100
3/31/75,,101
4/1/75,,98
4/1/75,,77
4/2/75,,84
4/3/75,,70
4/4/75,,74
4/5/75,,84
4/6/75,,108
4/7/75,,80
4/8/75,,80
4/9/75,,92
4/10/75,,90
4/11/75,,81
4/12/75,,84
4/13/75,,80
4/14/75,,83
4/15/75,,76
4/16/75,,74
4/17/75,,71
4/18/75,,95
4/19/75,,100
4/20/75,,95
4/21/75,,84
4/22/75,,91
4/23/75,,102
4/24/75,,94
4/25/75,,100
4/26/75,,128
4/27/75,,84
4/28/75,,90
4/29/75,,108
4/30/75,,100
5/1/75,,102
5/1/75,,77
5/2/75,,110
5/3/75,,121
5/4/75,,138
5/5/75,,138
5/6/75,,108
5/7/75,,114
5/8/75,,102
5/9/75,,92
5/10/75,,140
5/11/75,,92
5/12/75,,98
5/13/75,,94
5/14/75,,99
5/15/75,,111
5/16/75,,100
5/17/75,,106
5/18/75,,161
5/19/75,,104
5/20/75,,104
5/21/75,,122
5/22/75,,118
5/23/75,,120
5/24/75,,100
5/25/75,,102
5/26/75,,121
5/27/75,,114
5/28/75,,114
5/29/75,,100
5/30/75,,100
5/31/75,,114
6/1/75,,120
6/2/75,,140
6/3/75,,182
6/4/75,,190
6/5/75,,135
6/5/75,,112
6/6/75,,144
6/7/75,,182
6/8/75,,153
6/9/75,,134
6/10/75,,140
6/11/75,,121
6/12/75,,144
6/13/75,,165
6/14/75,,180
6/15/75,,157
6/16/75,,169
6/17/75,,149
6/18/75,,108
6/19/75,,121
6/20/75,,118
6/21/75,,176
6/22/75,,168
6/23/75,,156
6/24/75,,198
6/25/75,,154
6/26/75,,156
6/27/75,,149
6/28/75,,166
6/29/75,,172
6/30/75,,209
7/1/75,,159
7/1/75,,125
7/2/75,,176
7/3/75,,222
7/4/75,,166
7/5/75,,155
7/6/75,,162
7/7/75,,144
7/8/75,,143
7/9/75,,156
7/10/75,,162
7/11/75,,152
7/12/75,,167
7/13/75,,168
7/14/75,,173
7/15/75,,176
7/16/75,,168
7/17/75,,186
7/18/75,,186
7/19/75,,193
7/20/75,,191
7/21/75,,174
7/22/75,,164
7/23/75,,166
7/24/75,,200
7/25/75,,202
7/26/75,,196
7/27/75,,196
7/28/75,,163
7/29/75,,200
7/30/75,,198
7/31/75,,195
8/1/75,,168
8/2/75,,162
8/3/75,,156
8/4/75,,172
8/4/75,,154
8/5/75,,186
8/6/75,,166
8/6/75,,166
8/7/75,,188
8/8/75,,168
8/9/75,,160
8/10/75,,151
8/11/75,,154
8/12/75,,186
8/13/75,,152
8/14/75,,162
8/15/75,,162
8/16/75,,164
8/17/75,,143
8/18/75,,154
8/19/75,,177
8/20/75,,154
8/21/75,,132
8/22/75,,150
8/23/75,,139
8/24/75,,162
8/25/75,,135
8/26/75,,143
8/27/75,,143
8/28/75,,136
8/29/75,,138
8/30/75,,124
8/31/75,,132
9/1/75,,122
9/2/75,,102
9/2/75,,87
9/3/75,,115
9/4/75,,120
9/5/75,,114
9/6/75,,128
9/7/75,,126
9/8/75,,122
9/9/75,,116
9/10/75,,107
9/11/75,,116
9/12/75,,128
9/13/75,,114
9/14/75,,118
9/15/75,,110
9/16/75,,114
9/17/75,,125
9/18/75,,116
9/19/75,,119
9/20/75,,107
9/21/75,,102
9/22/75,,110
9/24/75,,110
9/25/75,,102
9/26/75,,108
9/27/75,,116
9/28/75,,100
9/29/75,,104
9/30/75,,86
10/1/75,,76
10/1/75,,80
10/2/75,,71
10/3/75,,78
10/4/75,,66
10/5/75,,66
10/6/75,,77
10/7/75,,66
10/8/75,,59
10/9/75,,83
10/10/75,,79
10/11/75,,84
10/12/75,,105
10/13/75,,88
10/14/75,,103
10/15/75,,105
10/16/75,,77
10/17/75,,82
10/18/75,,64
10/19/75,,93
10/20/75,,78
10/21/75,,83
10/22/75,,69
10/23/75,,90
10/24/75,,88
10/25/75,,76
10/26/75,,83
10/27/75,,67
10/28/75,,59
10/29/75,,60
10/31/75,,72
11/2/75,,64
11/3/75,,66
11/4/75,,65
11/4/75,,64
11/5/75,,64
11/6/75,,97
11/7/75,,70
11/8/75,,82
11/9/75,,54
11/10/75,,63
11/11/75,,57
11/12/75,,82
11/13/75,,75
11/14/75,,60
11/15/75,,61
11/16/75,,75
11/17/75,,59
11/18/75,,53
11/19/75,,42
11/20/75,,40
11/21/75,,44
11/22/75,,44
11/23/75,,39
11/24/75,,39
11/25/75,,37
11/26/75,,40
11/27/75,,50
11/28/75,,50
11/29/75,,41
11/30/75,,37
12/1/75,,34
12/2/75,,35
12/2/75,,40
12/3/75,,57
12/4/75,,64
12/5/75,,64
12/6/75,,45
12/7/75,,40
12/8/75,,39
12/9/75,,40
12/10/75,,52
12/11/75,,42
12/12/75,,37
12/13/75,,39
12/14/75,,34
12/15/75,,32
12/16/75,,26
12/17/75,,33
12/18/75,,52
12/19/75,,29
12/20/75,,40
12/21/75,,33
12/22/75,,64
12/23/75,,46
12/25/75,,82
12/26/75,,63
12/27/75,,43
12/28/75,,56
12/29/75,,66
12/30/75,,43
12/31/75,,63
1/1/76,,81
1/2/76,,55
1/3/76,,37
1/4/76,,51
1/5/76,,43
1/6/76,,36
1/7/76,,67
1/7/76,,50
1/8/76,,49
1/9/76,,43
1/10/76,,34
1/11/76,,59
1/12/76,,53
1/13/76,,40
1/14/76,,48
1/15/76,,42
1/16/76,,47
1/17/76,,41
1/18/76,,43
1/19/76,,45
1/20/76,,45
1/21/76,,57
1/21/76,,55
1/22/76,,55
1/23/76,,59
1/24/76,,62
1/25/76,,74
1/26/76,,61
1/28/76,,60
1/29/76,,65
1/30/76,,61
1/31/76,,66
2/1/76,,61
2/2/76,,57
2/3/76,,55
2/3/76,,59
2/4/76,,63
2/5/76,,52
2/6/76,,58
2/8/76,,58
2/9/76,,77
2/10/76,,95
2/11/76,,83
2/12/76,,70
2/13/76,,70
2/14/76,,69
2/15/76,,78
2/16/76,,71
2/17/76,,56
2/18/76,,65
2/19/76,,67
2/20/76,,53
2/21/76,,48
2/22/76,,52
2/23/76,,56
2/24/76,,40
2/25/76,,42
2/26/76,,49
2/27/76,,53
2/28/76,,58
2/29/76,,58
3/1/76,,49
3/1/76,,49
3/2/76,,64
3/3/76,,62
3/4/76,,51
3/5/76,,49
3/6/76,,58
3/7/76,,62
3/8/76,,58
3/9/76,,53
3/10/76,,58
3/11/76,,67
3/12/76,,74
3/13/76,,52
3/14/76,,52
3/15/76,,56
3/16/76,,58
3/17/76,,59
3/18/76,,77
3/19/76,,63
3/20/76,,60
3/21/76,,62
3/22/76,,72
3/23/76,,72
3/24/76,,72
3/26/76,,76
3/27/76,,64
3/28/76,,59
3/29/76,,84
3/30/76,,75
3/31/76,,78
4/1/76,,82
4/1/76,,81
4/2/76,,81
4/3/76,,83
4/4/76,,90
4/5/76,,97
4/6/76,,100
4/7/76,,100
4/8/76,,116
4/10/76,,114
4/11/76,,96
4/12/76,,106
4/13/76,,115
4/14/76,,118
4/15/76,,111
4/16/76,,104
4/17/76,,104
4/18/76,,117
4/19/76,,118
4/20/76,,138
4/22/76,,134
4/23/76,,126
4/24/76,,124
4/26/76,,126
4/27/76,,108
4/28/76,,109
4/29/76,,124
4/30/76,,141
5/1/76,,136
5/2/76,,137
5/3/76,,130
5/4/76,,155
5/4/76,,154
5/5/76,,144
5/6/76,,156
5/7/76,,169
5/8/76,,176
5/9/76,,158
5/10/76,,156
5/11/76,,164
5/12/76,,161
5/13/76,,190
5/14/76,,194
5/15/76,,178
5/16/76,,190
5/17/76,,204
5/18/76,,156
5/19/76,,154
5/20/76,,140
5/21/76,,158
5/22/76,,165
5/23/76,,156
5/24/76,,212
5/25/76,,188
5/26/76,,188
5/27/76,,158
5/28/76,,160
5/29/76,,160
5/30/76,,134
5/31/76,,146
6/1/76,,168
6/2/76,,159
6/3/76,,172
6/3/76,,158
6/4/76,,154
6/5/76,,158
6/6/76,,180
6/7/76,,190
6/8/76,,178
6/9/76,,203
6/10/76,,182
6/11/76,,194
6/12/76,,218
6/13/76,,243
6/14/76,,208
6/15/76,,200
6/16/76,,160
6/17/76,,139
6/18/76,,156
6/19/76,,152
6/20/76,,166
6/21/76,,207
6/22/76,,190
6/23/76,,156
6/24/76,,158
6/25/76,,202
6/26/76,,218
6/27/76,,250
6/28/76,,301
6/29/76,,295
6/30/76,,246
7/1/76,,214
7/2/76,,244
7/3/76,,256
7/4/76,,274
7/5/76,,299
7/6/76,,304
7/7/76,,294
7/7/76,,299
7/8/76,,245
7/9/76,,224
7/10/76,,266
7/11/76,,232
7/12/76,,256
7/13/76,,237
7/14/76,,256
7/15/76,,252
7/16/76,,260
7/17/76,,268
7/19/76,,300
7/20/76,,249
7/21/76,,212
7/22/76,,203
7/23/76,,242
7/24/76,,231
7/25/76,,240
7/26/76,,260
7/27/76,,267
7/28/76,,245
7/29/76,,238
7/30/76,,224
7/31/76,,282
8/1/76,,253
8/3/76,,278
8/4/76,,246
8/4/76,,244
8/5/76,,224
8/6/76,,212
8/7/76,,202
8/8/76,,200
8/9/76,,234
8/10/76,,168
8/11/76,,174
8/12/76,,164
8/13/76,,197
8/14/76,,218
8/16/76,,169
8/17/76,,146
8/18/76,,135
8/19/76,,129
8/20/76,,125
8/21/76,,127
8/22/76,,139
8/23/76,,142
8/25/76,,148
8/26/76,,124
8/27/76,,125
8/28/76,,108
8/29/76,,138
8/30/76,,134
8/31/76,,116
9/1/76,,108
9/1/76,,108
9/2/76,,125
9/3/76,,123
9/4/76,,120
9/5/76,,131
9/6/76,,113
9/7/76,,144
9/8/76,,104
9/9/76,,104
9/10/76,,99
9/11/76,,93
9/12/76,,118
9/13/76,,118
9/14/76,,129
9/15/76,,137
9/16/76,,126
9/17/76,,124
9/18/76,,116
9/19/76,,108
9/20/76,,112
9/21/76,,108
9/22/76,,96
9/23/76,,86
9/24/76,,89
9/25/76,,99
9/26/76,,86
9/27/76,,86
9/28/76,,75
9/29/76,,91
9/30/76,,81
10/1/76,,100
10/1/76,,88
10/1/76,,88
10/2/76,,104
10/3/76,,120
10/4/76,,106
10/5/76,,110
10/6/76,,114
10/7/76,,110
10/8/76,,104
10/9/76,,96
10/10/76,,92
10/11/76,,86
10/12/76,,80
10/13/76,,76
10/14/76,,72
10/15/76,,70
10/16/76,,62
10/17/76,,65
10/18/76,,56
10/19/76,,71
10/20/76,,60
10/21/76,,64
10/22/76,,66
10/23/76,,62
10/24/76,,60
10/25/76,,64
10/26/76,,56
10/27/76,,52
10/28/76,,58
10/29/76,,62
10/30/76,,57
10/31/76,,66
11/1/76,,72
11/2/76,,67
11/2/76,,57
11/2/76,,57
11/3/76,,66
11/4/76,,68
11/5/76,,66
11/6/76,,62
11/7/76,,62
11/8/76,,60
11/9/76,,58
11/10/76,,74
11/11/76,,68
11/12/76,,72
11/13/76,,74
11/14/76,,58
11/15/76,,70
11/16/76,,78
11/17/76,,65
11/18/76,,72
11/19/76,,80
11/20/76,,70
11/21/76,,64
11/22/76,,63
11/23/76,,62
11/24/76,,60
11/25/76,,51
11/26/76,,42
11/27/76,,38
11/28/76,,32
11/29/76,,28
11/30/76,,26
12/1/76,,27
12/2/76,,36
12/2/76,,31
12/3/76,,30
12/4/76,,30
12/5/76,,30
12/6/76,,32
12/7/76,,30
12/8/76,,32
12/9/76,,26
12/10/76,,30
12/11/76,,31
12/12/76,,24
12/13/76,,28
12/14/76,,24
12/15/76,,28
12/16/76,,32
12/17/76,,26
12/18/76,,24
12/19/76,,23
12/20/76,,21
12/21/76,,22
12/22/76,,20
12/23/76,,23
12/24/76,,22
12/25/76,,20
12/26/76,,18
12/27/76,,16
12/28/76,,17
12/29/76,,16
12/30/76,,22
12/31/76,,40
1/1/77,,48
1/2/77,,50
1/3/77,,80
1/4/77,,65
1/4/77,,61
1/4/77,,61
1/5/77,,46
1/6/77,,36
1/7/77,,33
1/8/77,,29
1/9/77,,26
1/10/77,,32
1/11/77,,42
1/12/77,,44
1/13/77,,56
1/14/77,,50
1/15/77,,46
1/16/77,,40
1/17/77,,36
1/18/77,,32
1/19/77,,27
1/20/77,,27
1/21/77,,34
1/22/77,,54
1/23/77,,59
1/24/77,,62
1/25/77,,59
1/26/77,,62
1/27/77,,76
1/28/77,,71
1/29/77,,70
1/30/77,,58
1/31/77,,60
2/1/77,,44
2/1/77,,51
2/1/77,,51
2/2/77,,52
2/3/77,,49
2/4/77,,44
2/5/77,,42
2/6/77,,52
2/7/77,,65
2/8/77,,71
2/9/77,,70
2/10/77,,64
2/11/77,,58
2/12/77,,58
2/13/77,,55
2/14/77,,54
2/15/77,,46
2/16/77,,43
2/17/77,,42
2/18/77,,38
2/19/77,,38
2/20/77,,36
2/21/77,,34
2/22/77,,35
2/23/77,,33
2/24/77,,35
2/25/77,,39
2/26/77,,34
2/27/77,,28
2/28/77,,30
3/1/77,,30
3/2/77,,23
3/3/77,,30
3/4/77,,26
3/5/77,,26
3/6/77,,31
3/7/77,,30
3/7/77,,24
3/7/77,,73
3/8/77,,24
3/9/77,,30
3/10/77,,32
3/11/77,,26
3/12/77,,43
3/13/77,,32
3/14/77,,52
3/15/77,,53
3/16/77,,72
3/17/77,,108
3/18/77,,94
3/19/77,,76
3/20/77,,72
3/21/77,,76
3/22/77,,74
3/23/77,,64
3/24/77,,57
3/25/77,,40
3/26/77,,47
3/27/77,,45
3/28/77,,42
3/29/77,,36
3/30/77,,41
3/31/77,,103
4/1/77,,110
4/1/77,,41
4/2/77,,72
4/3/77,,71
4/4/77,,65
4/5/77,,54
4/6/77,,54
4/7/77,,43
4/8/77,,42
4/9/77,,44
4/10/77,,46
4/11/77,,78
4/12/77,,64
4/13/77,,50
4/14/77,,34
4/15/77,,42
4/16/77,,42
4/17/77,,45
4/18/77,,40
4/19/77,,34
4/20/77,,34
4/21/77,,49
4/22/77,,52
4/23/77,,50
4/24/77,,54
4/25/77,,62
4/26/77,,60
4/27/77,,75
4/28/77,,68
4/29/77,,64
4/30/77,,68
5/1/77,,120
5/2/77,,228
5/3/77,,140
5/4/77,,111
5/4/77,,112
5/4/77,,112
5/5/77,,101
5/6/77,,136
5/7/77,,109
5/8/77,,134
5/9/77,,122
5/10/77,,126
5/11/77,,184
5/12/77,,123
5/13/77,,110
5/14/77,,118
5/15/77,,130
5/16/77,,175
5/17/77,,134
5/18/77,,100
5/19/77,,94
5/20/77,,84
5/21/77,,194
5/22/77,,149
5/23/77,,82
5/24/77,,58
5/25/77,,66
5/26/77,,66
5/27/77,,192
5/28/77,,74
5/29/77,,62
5/30/77,,80
5/31/77,,60
6/1/77,,61
6/2/77,,72
6/3/77,,70
6/3/77,,96
6/3/77,,96
6/4/77,,68
6/5/77,,74
6/6/77,,108
6/7/77,,132
6/8/77,,117
6/9/77,,96
6/10/77,,72
6/11/77,,80
6/12/77,,92
6/13/77,,92
6/14/77,,97
6/15/77,,98
6/16/77,,87
6/17/77,,87
6/18/77,,105
6/19/77,,82
6/20/77,,111
6/21/77,,114
6/22/77,,106
6/23/77,,116
6/24/77,,120
6/25/77,,107
6/26/77,,146
6/27/77,,132
6/28/77,,238
6/29/77,,238
6/30/77,,213
7/1/77,,146
7/2/77,,156
7/3/77,,127
7/4/77,,108
7/5/77,,98
7/6/77,,103
7/7/77,,109
7/8/77,,121
7/9/77,,114
7/12/77,,104
7/13/77,,100
7/14/77,,234
7/15/77,,121
7/15/77,,134
7/15/77,,134
7/16/77,,144
7/17/77,,122
7/18/77,,164
7/19/77,,173
7/20/77,,203
7/21/77,,196
7/22/77,,220
7/23/77,,370
7/24/77,,414
7/25/77,,322
7/26/77,,177
7/27/77,,159
7/28/77,,112
7/29/77,,352
7/30/77,,287
7/31/77,,145
8/1/77,,154
8/2/77,,144
8/3/77,,130
8/3/77,,146
8/3/77,,134
8/4/77,,138
8/5/77,,111
8/6/77,,128
8/7/77,,127
8/8/77,,206
8/9/77,,182
8/10/77,,194
8/11/77,,176
8/12/77,,178
8/13/77,,165
8/14/77,,172
8/15/77,,190
8/16/77,,169
8/17/77,,179
8/18/77,,155
8/19/77,,151
8/20/77,,154
8/21/77,,168
8/22/77,,143
8/23/77,,135
8/24/77,,168
8/25/77,,132
8/26/77,,135
8/27/77,,222
8/28/77,,171
8/29/77,,199
8/30/77,,164
8/31/77,,149
9/1/77,,160
9/1/77,,128
9/1/77,,128
9/2/77,,170
9/3/77,,170
9/4/77,,182
9/5/77,,178
9/6/77,,156
9/7/77,,160
9/8/77,,172
9/9/77,,152
9/10/77,,155
9/11/77,,143
9/12/77,,152
9/13/77,,138
9/14/77,,130
9/15/77,,114
9/16/77,,128
9/17/77,,110
9/18/77,,141
9/19/77,,139
9/20/77,,105
9/21/77,,116
9/22/77,,120
9/23/77,,90
9/24/77,,100
9/25/77,,111
9/26/77,,116
9/27/77,,112
9/28/77,,121
9/29/77,,111
9/30/77,,94
10/1/77,,100
10/2/77,,100
10/3/77,,91
10/4/77,,93
10/5/77,,97
10/5/77,,75
10/5/77,,61
10/6/77,,94
10/7/77,,101
10/8/77,,80
10/9/77,,78
10/10/77,,85
10/11/77,,78
10/12/77,,80
10/13/77,,72
10/14/77,,84
10/15/77,,80
10/16/77,,68
10/17/77,,55
10/18/77,,53
10/19/77,,49
10/20/77,,49
10/21/77,,50
10/22/77,,57
10/23/77,,49
10/24/77,,57
10/25/77,,59
10/26/77,,61
10/27/77,,68
10/28/77,,59
10/29/77,,55
10/30/77,,59
10/31/77,,55
11/1/77,,50
11/2/77,,55
11/2/77,,53
11/3/77,,58
11/4/77,,53
11/5/77,,48
11/6/77,,50
11/7/77,,53
11/8/77,,47
11/9/77,,30
11/9/77,,38
11/10/77,,47
11/11/77,,65
11/12/77,,60
11/13/77,,62
11/14/77,,58
11/15/77,,60
11/16/77,,53
11/17/77,,46
11/18/77,,49
11/19/77,,36
11/20/77,,27
11/21/77,,38
11/22/77,,48
11/23/77,,63
11/24/77,,70
11/25/77,,49
11/26/77,,34
11/27/77,,37
11/28/77,,51
11/29/77,,61
11/30/77,,54
12/1/77,,42
12/2/77,,34
12/3/77,,33
12/4/77,,43
12/5/77,,48
12/6/77,,53
12/7/77,,44
12/8/77,,36
12/9/77,,30
12/10/77,,30
12/11/77,,32
12/12/77,,40
12/13/77,,49
12/14/77,,48
12/14/77,,52
12/15/77,,48
12/16/77,,43
12/17/77,,44
12/18/77,,40
12/19/77,,47
12/20/77,,40
12/21/77,,48
12/22/77,,47
12/23/77,,62
12/24/77,,59
12/25/77,,40
12/26/77,,34
12/27/77,,43
12/28/77,,54
12/29/77,,58
12/30/77,,49
12/31/77,,40
1/1/78,,34
1/2/78,,40
1/3/78,,40
1/4/78,,46
1/5/78,,47
1/6/78,,60
1/7/78,,73
1/8/78,,85
1/9/78,,74
1/10/78,,111
1/11/78,,109
1/11/78,,109
1/11/78,,105
1/12/78,,109
1/13/78,,94
1/14/78,,87
1/15/78,,139
1/16/78,,424
1/17/78,,392
1/18/78,,593
1/19/78,,293
1/19/78,,280
1/20/78,,240
1/21/78,,186
1/22/78,,155
1/23/78,,137
1/24/78,,109
1/25/78,,90
1/26/78,,93
1/27/78,,94
1/28/78,,74
1/29/78,,68
1/30/78,,66
1/31/78,,55
2/1/78,,51
2/2/78,,53
2/3/78,,51
2/4/78,,58
2/5/78,,49
2/6/78,,78
2/7/78,,91
2/8/78,,207
2/9/78,,260
2/10/78,,490
2/11/78,,241
2/12/78,,216
2/13/78,,180
2/13/78,,164
2/14/78,,187
2/15/78,,481
2/16/78,,214
2/17/78,,238
2/17/78,,214
2/18/78,,239
2/18/78,,79
2/19/78,,213
2/20/78,,139
2/21/78,,130
2/22/78,,120
2/22/78,,97
2/23/78,,103
2/24/78,,101
2/25/78,,94
2/26/78,,102
2/27/78,,88
2/28/78,,85
3/1/78,,72
3/2/78,,60
3/3/78,,68
3/3/78,,66
3/4/78,,70
3/5/78,,808
3/6/78,,264
3/7/78,,157
3/8/78,,125
3/9/78,,115
3/9/78,,114
3/10/78,,108
3/11/78,,127
3/12/78,,122
3/13/78,,122
3/14/78,,85
3/15/78,,82
3/16/78,,78
3/17/78,,70
3/18/78,,69
3/19/78,,62
3/20/78,,74
3/21/78,,72
3/22/78,,79
3/23/78,,73
3/24/78,,76
3/25/78,,85
3/26/78,,61
3/27/78,,66
3/28/78,,59
3/29/78,,67
3/29/78,,73
3/30/78,,60
3/31/78,,61
4/1/78,,91
4/2/78,,70
4/3/78,,65
4/4/78,,90
4/5/78,,61
4/6/78,,68
4/7/78,,71
4/8/78,,61
4/9/78,,75
4/10/78,,71
4/11/78,,79
4/12/78,,63
4/13/78,,68
4/14/78,,58
4/15/78,,60
4/16/78,,54
4/17/78,,61
4/18/78,,64
4/19/78,,63
4/20/78,,65
4/21/78,,44
4/22/78,,59
4/23/78,,46
4/24/78,,49
4/25/78,,56
4/26/78,,56
4/27/78,,47
4/28/78,,44
4/29/78,,44
4/30/78,,40
5/1/78,,45
5/2/78,,44
5/2/78,,43
5/3/78,,46
5/4/78,,36
5/5/78,,36
5/6/78,,47
5/7/78,,47
5/8/78,,41
5/9/78,,45
5/10/78,,35
5/11/78,,32
5/12/78,,41
5/13/78,,45
5/14/78,,50
5/15/78,,54
5/16/78,,61
5/17/78,,65
5/18/78,,63
5/19/78,,63
5/20/78,,64
5/21/78,,58
5/22/78,,58
5/23/78,,58
5/24/78,,61
5/25/78,,67
5/26/78,,65
5/27/78,,63
5/28/78,,76
5/29/78,,65
5/30/78,,70
5/31/78,,69
6/1/78,,69
6/2/78,,68
6/3/78,,67
6/4/78,,72
6/5/78,,71
6/5/78,,74
6/6/78,,73
6/7/78,,88
6/8/78,,85
6/9/78,,83
6/10/78,,83
6/11/78,,97
6/12/78,,81
6/13/78,,77
6/14/78,,92
6/15/78,,97
6/16/78,,94
6/17/78,,90
6/18/78,,83
6/19/78,,74
6/20/78,,76
6/21/78,,86
6/22/78,,99
6/23/78,,97
6/24/78,,102
6/25/78,,104
6/26/78,,94
6/27/78,,77
6/28/78,,76
6/29/78,,76
6/30/78,,74
7/1/78,,77
7/2/78,,75
7/3/78,,83
7/4/78,,77
7/5/78,,68
7/6/78,,70
7/6/78,,77
7/7/78,,62
7/8/78,,60
7/9/78,,72
7/10/78,,65
7/11/78,,66
7/12/78,,75
7/13/78,,71
7/14/78,,61
7/15/78,,63
7/16/78,,63
7/17/78,,67
7/18/78,,79
7/19/78,,79
7/20/78,,80
7/21/78,,77
7/22/78,,79
7/23/78,,76
7/24/78,,85
7/25/78,,85
7/26/78,,90
7/27/78,,94
7/28/78,,88
7/29/78,,101
7/30/78,,111
7/31/78,,101
8/1/78,,106
8/2/78,,113
8/2/78,,123
8/3/78,,101
8/4/78,,83
8/5/78,,83
8/6/78,,97
8/7/78,,79
8/8/78,,95
8/9/78,,76
8/10/78,,85
8/11/78,,80
8/12/78,,90
8/13/78,,86
8/14/78,,98
8/15/78,,101
8/16/78,,116
8/17/78,,108
8/18/78,,99
8/19/78,,102
8/20/78,,86
8/21/78,,101
8/22/78,,97
8/23/78,,93
8/24/78,,88
8/25/78,,94
8/26/78,,94
8/27/78,,90
8/28/78,,81
8/29/78,,83
8/30/78,,83
8/31/78,,86
9/1/78,,85
9/2/78,,86
9/3/78,,76
9/4/78,,82
9/5/78,,85
9/6/78,,92
9/7/78,,108
9/8/78,,96
9/9/78,,105
9/10/78,,121
9/11/78,,104
9/11/78,,106
9/12/78,,94
9/13/78,,104
9/14/78,,97
9/15/78,,106
9/16/78,,119
9/17/78,,100
9/18/78,,103
9/19/78,,91
9/20/78,,77
9/21/78,,89
9/22/78,,83
9/23/78,,85
9/24/78,,90
9/25/78,,92
9/26/78,,87
9/27/78,,101
9/28/78,,92
9/29/78,,86
9/30/78,,94
10/1/78,,88
10/2/78,,86
10/3/78,,85
10/4/78,,130
10/4/78,,122
10/5/78,,79
10/6/78,,81
10/7/78,,84
10/8/78,,77
10/9/78,,76
10/10/78,,74
10/11/78,,74
10/12/78,,76
10/13/78,,72
10/14/78,,78
10/15/78,,68
10/16/78,,68
10/17/78,,63
10/18/78,,65
10/19/78,,65
10/20/78,,61
10/21/78,,58
10/22/78,,56
10/23/78,,67
10/24/78,,77
10/25/78,,79
10/26/78,,76
10/27/78,,93
10/28/78,,82
10/29/78,,73
10/30/78,,63
10/31/78,,61
11/1/78,,69
11/1/78,,76
11/2/78,,58
11/3/78,,70
11/4/78,,82
11/5/78,,85
11/6/78,,74
11/7/78,,52
11/8/78,,63
11/9/78,,57
11/10/78,,78
11/11/78,,68
11/12/78,,48
11/13/78,,51
11/14/78,,43
11/15/78,,42
11/16/78,,37
11/17/78,,42
11/18/78,,36
11/19/78,,38
11/20/78,,46
11/21/78,,38
11/22/78,,40
11/23/78,,39
11/24/78,,40
11/25/78,,40
11/26/78,,33
11/27/78,,38
11/28/78,,32
11/29/78,,39
11/30/78,,40
12/1/78,,40
12/2/78,,42
12/3/78,,38
12/4/78,,34
12/5/78,,21
12/5/78,,64
12/6/78,,44
12/7/78,,33
12/8/78,,27
12/9/78,,27
12/10/78,,31
12/11/78,,48
12/12/78,,44
12/13/78,,39
12/14/78,,38
12/15/78,,33
12/16/78,,26
12/17/78,,22
12/18/78,,28
12/19/78,,28
12/20/78,,28
12/21/78,,23
12/22/78,,44
12/23/78,,34
12/24/78,,56
12/25/78,,40
12/26/78,,27
12/27/78,,24
12/28/78,,34
12/29/78,,36
12/30/78,,40
12/31/78,,38
1/1/79,,24
1/2/79,,16
1/3/79,,16
1/4/79,,53
1/5/79,,60
1/5/79,,52
1/6/79,,59
1/7/79,,61
1/8/79,,48
1/9/79,,42
1/10/79,,77
1/11/79,,87
1/12/79,,100
1/13/79,,201
1/14/79,,123
1/15/79,,122
1/16/79,,139
1/17/79,,134
1/18/79,,133
1/19/79,,99
1/20/79,,99
1/21/79,,85
1/22/79,,73
1/23/79,,79
1/24/79,,76
1/25/79,,67
1/26/79,,75
1/27/79,,56
1/28/79,,65
1/29/79,,64
1/30/79,,64
1/31/79,,67
2/1/79,,55
2/2/79,,54
2/3/79,,41
2/4/79,,55
2/5/79,,53
2/6/79,,56
2/7/79,,64
2/8/79,,67
2/9/79,,65
2/10/79,,66
2/11/79,,60
2/12/79,,54
2/13/79,,64
2/14/79,,55
2/15/79,,77
2/16/79,,102
2/17/79,,104
2/18/79,,79
2/19/79,,95
2/20/79,,73
2/21/79,,79
2/22/79,,143
2/23/79,,180
2/24/79,,112
2/25/79,,105
2/26/79,,95
2/27/79,,82
2/28/79,,78
3/1/79,,68
3/2/79,,111
3/3/79,,83
3/4/79,,73
3/5/79,,64
3/6/79,,59
3/7/79,,57
3/8/79,,55
3/9/79,,49
3/10/79,,53
3/11/79,,56
3/12/79,,53
3/13/79,,60
3/14/79,,56
3/15/79,,55
3/16/79,,51
3/17/79,,55
3/18/79,,50
3/19/79,,44
3/20/79,,52
3/21/79,,54
3/22/79,,49
3/23/79,,50
3/24/79,,60
3/25/79,,50
3/26/79,,58
3/27/79,,79
3/28/79,,66
3/29/79,,84
3/30/79,,73
3/31/79,,61
4/1/79,,45
4/2/79,,54
4/3/79,,70
4/10/79,,83
5/30/79,,106
6/18/79,,93
6/21/79,,117
6/22/79,,121
6/23/79,,117
6/24/79,,121
6/25/79,,119
6/26/79,,117
6/27/79,,115
6/28/79,,103
6/29/79,,112
6/30/79,,122
7/1/79,,104
7/2/79,,112
7/3/79,,123
7/4/79,,129
7/5/79,,127
7/6/79,,136
7/7/79,,156
7/8/79,,128
7/9/79,,122
7/10/79,,131
7/11/79,,126
7/12/79,,142
7/13/79,,119
7/14/79,,126
7/15/79,,149
7/16/79,,141
7/17/79,,150
7/18/79,,148
7/19/79,,146
7/20/79,,134
7/21/79,,125
7/22/79,,160
7/23/79,,149
7/24/79,,146
7/24/79,,149
7/25/79,,156
7/26/79,,151
7/27/79,,113
7/28/79,,108
7/29/79,,97
7/30/79,,111
7/31/79,,124
8/1/79,,136
8/2/79,,68
8/3/79,,108
8/4/79,,128
8/5/79,,100
8/6/79,,90
8/7/79,,99
8/8/79,,106
8/9/79,,76
8/10/79,,80
8/11/79,,107
8/12/79,,101
8/13/79,,102
8/14/79,,104
8/15/79,,94
8/16/79,,122
8/17/79,,119
8/18/79,,112
8/19/79,,122
8/20/79,,112
8/21/79,,104
8/22/79,,104
8/23/79,,94
8/24/79,,103
8/25/79,,88
8/26/79,,94
8/27/79,,105
8/28/79,,85
8/29/79,,92
8/30/79,,88
8/30/79,,79
8/31/79,,89
9/1/79,,76
9/2/79,,91
9/3/79,,92
9/4/79,,100
9/5/79,,94
9/6/79,,86
9/7/79,,81
9/8/79,,104
9/9/79,,93
9/10/79,,92
9/11/79,,90
9/12/79,,94
9/13/79,,93
9/14/79,,84
9/15/79,,86
9/16/79,,89
9/17/79,,77
9/18/79,,82
9/19/79,,90
9/19/79,,93
9/20/79,,81
9/21/79,,79
9/22/79,,84
9/23/79,,112
9/24/79,,85
9/25/79,,104
9/26/79,,89
9/27/79,,99
9/28/79,,85
9/29/79,,104
9/30/79,,85
10/2/79,,76
10/3/79,,84
10/4/79,,76
10/5/79,,76
10/6/79,,82
10/7/79,,73
10/8/79,,77
10/9/79,,71
10/10/79,,86
10/11/79,,79
10/12/79,,65
10/13/79,,67
10/14/79,,81
10/15/79,,74
10/15/79,,80
10/16/79,,91
10/17/79,,76
10/18/79,,70
10/19/79,,63
10/20/79,,71
10/21/79,,58
10/22/79,,47
10/23/79,,50
10/24/79,,55
10/25/79,,53
10/26/79,,47
10/27/79,,45
10/28/79,,43
10/29/79,,46
10/30/79,,34
10/31/79,,50
11/1/79,,50
11/2/79,,57
11/3/79,,41
11/4/79,,40
11/5/79,,37
11/6/79,,38
11/7/79,,43
11/8/79,,52
11/8/79,,55
11/8/79,,53
11/9/79,,49
11/10/79,,36
11/11/79,,43
11/12/79,,45
11/13/79,,36
11/14/79,,45
11/15/79,,47
11/16/79,,40
11/17/79,,55
11/18/79,,56
11/19/79,,47
11/20/79,,46
11/21/79,,41
11/22/79,,43
11/23/79,,44
11/24/79,,44
11/25/79,,41
11/26/79,,25
11/27/79,,65
11/28/79,,41
11/29/79,,45
11/30/79,,41
12/1/79,,41
12/2/79,,45
12/3/79,,47
12/4/79,,31
12/5/79,,37
12/6/79,,37
12/7/79,,41
12/8/79,,37
12/9/79,,39
12/10/79,,44
12/11/79,,32
12/12/79,,34
12/14/79,,29
12/15/79,,42
12/16/79,,34
12/17/79,,39
12/18/79,,22
12/19/79,,41
12/20/79,,46
12/21/79,,54
12/22/79,,60
12/23/79,,58
12/24/79,,58
12/25/79,,76
12/26/79,,131
12/27/79,,68
12/28/79,,64
12/29/79,,61
12/30/79,,68
12/31/79,,58
1/1/80,,53
1/2/80,,54
1/3/80,,50
1/4/80,,76
1/5/80,,69
1/6/80,,67
1/7/80,,61
1/8/80,,48
1/8/80,,53
1/8/80,,52
1/9/80,,60
1/9/80,,70
1/10/80,,77
1/11/80,,147
1/12/80,,176
1/13/80,,228
1/14/80,,255
1/15/80,,242
1/16/80,,287
1/18/80,,181
1/19/80,,152
1/20/80,,115
1/21/80,,125
1/22/80,,179
1/23/80,,115
1/24/80,,87
1/25/80,,125
1/25/80,,67
1/26/80,,133
1/27/80,,147
1/28/80,,174
1/29/80,,189
1/30/80,,79
1/31/80,,66
2/1/80,,66
2/2/80,,64
2/3/80,,63
2/4/80,,69
2/5/80,,69
2/6/80,,65
2/8/80,,66
2/9/80,,70
2/10/80,,64
2/11/80,,53
2/12/80,,63
2/13/80,,55
2/14/80,,50
2/15/80,,52
2/16/80,,55
2/17/80,,99
2/18/80,,176
2/19/80,,180
2/20/80,,151
2/21/80,,149
2/22/80,,76
2/23/80,,72
2/26/80,,71
2/27/80,,62
2/29/80,,41
3/1/80,,41
3/2/80,,39
3/3/80,,39
3/4/80,,37
3/5/80,,35
3/6/80,,37
3/7/80,,33
3/8/80,,39
3/9/80,,37
3/10/80,,37
3/11/80,,33
3/12/80,,41
3/13/80,,29
3/14/80,,39
3/15/80,,33
3/16/80,,45
3/17/80,,49
3/18/80,,35
3/19/80,,40
3/20/80,,34
3/21/80,,44
3/22/80,,34
3/23/80,,65
3/24/80,,39
3/25/80,,46
3/25/80,,46
3/25/80,,46
3/26/80,,42
3/27/80,,44
3/28/80,,44
3/29/80,,45
3/30/80,,42
3/31/80,,52
4/1/80,,52
4/2/80,,53
4/3/80,,61
4/4/80,,77
4/5/80,,54
4/6/80,,58
4/7/80,,54
4/8/80,,55
4/9/80,,53
4/10/80,,64
4/11/80,,59
4/12/80,,61
4/13/80,,56
4/14/80,,62
4/15/80,,62
4/16/80,,57
4/17/80,,42
4/18/80,,60
4/19/80,,44
4/20/80,,41
4/21/80,,80
4/22/80,,54
4/23/80,,51
4/24/80,,54
4/25/80,,97
4/26/80,,65
4/27/80,,61
4/28/80,,52
4/29/80,,53
4/30/80,,65
5/1/80,,81
5/2/80,,54
5/3/80,,65
5/4/80,,50
5/5/80,,48
5/6/80,,53
5/7/80,,50
5/8/80,,50
5/9/80,,51
5/10/80,,52
5/11/80,,56
5/12/80,,49
5/13/80,,50
5/14/80,,45
5/15/80,,49
5/16/80,,49
5/16/80,,64
5/17/80,,49
5/18/80,,51
5/19/80,,45
5/20/80,,45
5/21/80,,50
5/22/80,,57
5/23/80,,52
5/24/80,,64
5/25/80,,58
5/26/80,,55
5/27/80,,58
5/28/80,,57
5/29/80,,62
5/30/80,,57
5/31/80,,65
6/1/80,,59
6/2/80,,59
6/3/80,,57
6/4/80,,62
6/5/80,,70
6/5/80,,65
6/6/80,,77
6/7/80,,69
6/8/80,,82
6/9/80,,70
6/10/80,,74
6/11/80,,88
6/12/80,,79
6/13/80,,74
6/14/80,,72
6/15/80,,71
6/16/80,,69
6/17/80,,73
6/18/80,,68
6/19/80,,77
6/20/80,,79
6/21/80,,78
6/22/80,,81
6/23/80,,72
6/24/80,,82
6/25/80,,91
6/26/80,,81
6/27/80,,89
6/28/80,,87
6/29/80,,77
6/30/80,,74
7/1/80,,75
7/2/80,,96
7/3/80,,78
7/4/80,,83
7/5/80,,75
7/6/80,,85
7/7/80,,94
7/7/80,,100
7/8/80,,108
7/9/80,,103
7/10/80,,101
7/11/80,,104
7/12/80,,106
7/13/80,,98
7/14/80,,99
7/15/80,,107
7/16/80,,94
7/17/80,,96
7/18/80,,98
7/19/80,,80
7/20/80,,94
7/21/80,,93
7/22/80,,92
7/23/80,,91
7/24/80,,77
7/25/80,,75
7/26/80,,81
7/27/80,,76
7/28/80,,92
7/29/80,,92
7/30/80,,106
7/31/80,,108
8/1/80,,112
8/1/80,,110
8/1/80,,114
8/2/80,,116
8/3/80,,118
8/4/80,,118
8/5/80,,108
8/6/80,,100
8/9/80,,91
8/10/80,,110
8/11/80,,103
8/12/80,,114
8/13/80,,109
8/14/80,,106
8/15/80,,112
8/16/80,,122
8/17/80,,126
8/18/80,,100
8/19/80,,105
8/20/80,,105
8/21/80,,101
8/22/80,,108
8/23/80,,88
8/24/80,,97
8/25/80,,106
8/26/80,,87
8/27/80,,96
8/28/80,,88
8/29/80,,89
8/30/80,,97
8/31/80,,82
9/1/80,,85
9/2/80,,84
9/3/80,,74
9/5/80,,88
9/6/80,,84
9/7/80,,86
9/8/80,,74
9/9/80,,76
9/10/80,,76
9/11/80,,74
9/12/80,,73
9/13/80,,79
9/14/80,,81
9/15/80,,68
9/16/80,,68
9/17/80,,68
9/17/80,,76
9/17/80,,76
9/18/80,,70
9/19/80,,64
9/21/80,,61
9/22/80,,63
9/23/80,,82
9/24/80,,67
9/25/80,,87
9/26/80,,76
9/27/80,,92
9/28/80,,80
9/29/80,,77
9/30/80,,72
10/1/80,,67
10/1/80,,63
10/4/80,,74
10/5/80,,86
10/6/80,,64
10/7/80,,67
10/7/80,,64
10/8/80,,92
10/9/80,,75
10/10/80,,67
10/11/80,,83
10/12/80,,84
10/13/80,,63
10/14/80,,68
10/15/80,,76
10/16/80,,57
10/17/80,,53
10/18/80,,60
10/19/80,,53
10/20/80,,61
10/21/80,,51
10/22/80,,71
10/23/80,,52
10/24/80,,42
10/26/80,,67
10/27/80,,53
10/28/80,,41
10/29/80,,43
10/30/80,,41
10/31/80,,29
11/1/80,,32
11/2/80,,40
11/3/80,,63
11/3/80,,52
11/4/80,,48
11/5/80,,51
11/6/80,,58
11/7/80,,45
11/8/80,,50
11/9/80,,42
11/10/80,,48
11/11/80,,48
11/12/80,,44
11/13/80,,41
11/14/80,,38
11/15/80,,37
11/16/80,,34
11/17/80,,32
11/18/80,,33
11/19/80,,48
11/20/80,,31
11/21/80,,28
11/22/80,,34
11/23/80,,46
11/24/80,,41
11/25/80,,32
11/26/80,,31
11/27/80,,30
11/28/80,,37
11/29/80,,39
11/30/80,,31
12/1/80,,36
12/2/80,,43
12/3/80,,35
12/4/80,,50
12/5/80,,48
12/6/80,,42
12/7/80,,36
12/8/80,,36
12/9/80,,49
12/10/80,,32
12/11/80,,27
12/12/80,,43
12/13/80,,37
12/14/80,,31
12/15/80,,32
12/16/80,,32
12/17/80,,33
12/18/80,,39
12/19/80,,37
12/20/80,,44
12/21/80,,39
12/22/80,,48
12/23/80,,47
12/24/80,,62
12/25/80,,61
12/26/80,,48
12/27/80,,39
12/28/80,,43
12/29/80,,56
12/30/80,,56
12/31/80,,64
1/1/81,,79
1/2/81,,72
1/3/81,,39
1/4/81,,47
1/5/81,,56
1/6/81,,67
1/7/81,,57
1/8/81,,58
1/9/81,,70
1/10/81,,48
1/11/81,,46
1/12/81,,39
1/13/81,,43
1/14/81,,43
1/14/81,,63
1/14/81,,52
1/14/81,,52
1/15/81,,58
1/16/81,,50
1/17/81,,57
1/18/81,,39
1/19/81,,43
1/20/81,,44
1/21/81,,70
1/22/81,,62
1/23/81,,50
1/24/81,,64
1/25/81,,64
1/28/81,,111
1/29/81,,183
1/30/81,,210
1/31/81,,157
2/1/81,,139
2/2/81,,112
2/3/81,,90
2/4/81,,70
2/5/81,,77
2/6/81,,64
2/7/81,,66
2/8/81,,49
2/9/81,,44
2/10/81,,48
2/10/81,,55
2/10/81,,52
2/10/81,,51
2/11/81,,71
2/12/81,,69
2/13/81,,64
2/14/81,,56
2/16/81,,58
2/17/81,,55
2/18/81,,59
2/19/81,,63
2/20/81,,57
2/21/81,,47
2/22/81,,41
2/23/81,,37
2/24/81,,51
2/25/81,,56
2/26/81,,41
2/27/81,,42
2/28/81,,40
3/1/81,,35
3/2/81,,32
3/3/81,,37
3/4/81,,63
3/5/81,,54
3/6/81,,76
3/7/81,,104
3/8/81,,108
3/9/81,,98
3/10/81,,88
3/11/81,,85
3/12/81,,76
3/13/81,,67
3/14/81,,62
3/15/81,,66
3/16/81,,65
3/17/81,,61
3/18/81,,79
3/19/81,,66
3/20/81,,70
3/21/81,,161
3/22/81,,142
3/23/81,,138
3/23/81,,151
3/24/81,,119
3/25/81,,90
3/26/81,,139
3/27/81,,146
3/28/81,,88
3/29/81,,88
3/30/81,,81
3/31/81,,76
4/1/81,,69
4/2/81,,68
4/3/81,,71
4/4/81,,63
4/5/81,,64
4/6/81,,68
4/7/81,,59
4/8/81,,74
4/9/81,,90
4/10/81,,80
4/11/81,,81
4/12/81,,82
4/13/81,,73
4/14/81,,81
4/15/81,,77
4/16/81,,80
4/17/81,,73
4/18/81,,73
4/19/81,,99
4/20/81,,93
4/21/81,,76
4/21/81,,73
4/22/81,,77
4/23/81,,75
4/24/81,,79
4/26/81,,86
4/27/81,,81
4/28/81,,119
4/29/81,,90
4/30/81,,72
5/1/81,,89
5/2/81,,89
5/3/81,,97
5/4/81,,92
5/5/81,,86
5/6/81,,91
5/7/81,,78
5/8/81,,86
5/9/81,,89
5/10/81,,80
5/11/81,,89
5/12/81,,113
5/13/81,,143
5/14/81,,99
5/15/81,,99
5/16/81,,92
5/17/81,,106
5/18/81,,123
5/19/81,,116
5/20/81,,89
5/21/81,,95
5/22/81,,93
5/23/81,,101
5/24/81,,95
5/25/81,,94
5/26/81,,105
5/27/81,,100
5/28/81,,94
5/29/81,,103
5/30/81,,106
5/31/81,,106
6/1/81,,104
6/2/81,,93
6/3/81,,92
6/4/81,,90
6/5/81,,101
6/6/81,,104
6/7/81,,106
6/8/81,,102
6/10/81,,107
6/11/81,,91
6/12/81,,90
6/13/81,,91
6/14/81,,102
6/15/81,,97
6/16/81,,102
6/17/81,,98
6/18/81,,96
6/19/81,,103
6/20/81,,111
6/21/81,,124
6/22/81,,98
6/23/81,,105
6/23/81,,100
6/25/81,,111
6/26/81,,110
6/27/81,,110
6/28/81,,126
6/29/81,,139
6/30/81,,401
7/1/81,,122
7/2/81,,127
7/3/81,,135
7/4/81,,135
7/5/81,,132
7/6/81,,140
7/7/81,,134
7/8/81,,112
7/9/81,,137
7/10/81,,138
7/11/81,,125
7/12/81,,137
7/13/81,,121
7/14/81,,134
7/15/81,,132
7/16/81,,104
7/17/81,,153
7/18/81,,148
7/19/81,,140
7/20/81,,146
7/21/81,,97
7/22/81,,110
7/23/81,,101
7/24/81,,110
7/24/81,,120
7/25/81,,121
7/26/81,,143
7/27/81,,139
7/28/81,,137
7/29/81,,153
7/30/81,,129
7/31/81,,203
8/1/81,,132
8/2/81,,193
8/3/81,,129
8/4/81,,121
8/6/81,,120
8/7/81,,120
8/8/81,,125
8/9/81,,108
8/10/81,,122
8/11/81,,130
8/12/81,,111
8/13/81,,97
8/14/81,,95
8/15/81,,104
8/16/81,,95
8/17/81,,97
8/18/81,,90
8/19/81,,83
8/20/81,,62
8/21/81,,78
8/22/81,,100
8/23/81,,90
8/24/81,,102
8/25/81,,98
8/26/81,,124
8/27/81,,73
8/28/81,,80
8/29/81,,81
8/30/81,,201
8/31/81,,87
9/1/81,,92
9/2/81,,111
9/3/81,,74
9/4/81,,95
9/5/81,,90
9/6/81,,85
9/7/81,,107
9/8/81,,82
9/9/81,,91
9/10/81,,75
9/11/81,,91
9/12/81,,85
9/13/81,,86
9/14/81,,108
9/15/81,,78
9/16/81,,101
9/17/81,,75
9/18/81,,86
9/19/81,,91
9/20/81,,158
9/21/81,,72
9/22/81,,65
9/23/81,,68
9/24/81,,76
9/25/81,,60
9/25/81,,80
9/27/81,,74
9/28/81,,78
9/29/81,,65
9/30/81,,60
11/5/81,,53
1/18/82,,48
5/12/82,,42
7/22/82,,85
9/20/82,,68
11/29/82,,38
1/15/85,,24
2/25/85,,38
5/14/85,,127
6/28/85,,119
7/16/85,,96
7/30/85,,86
8/13/85,,98
8/26/85,,94
9/10/85,,98
9/25/85,,96
10/9/85,,90
10/22/85,,56
11/5/85,,54
12/3/85,,59
12/17/85,,27
1/7/86,,43
1/22/86,,45
2/4/86,,66
2/14/86,,146
2/15/86,,379
2/17/86,,274
2/18/86,,577
2/18/86,,737
2/19/86,,540
2/20/86,,462
2/21/86,,194
2/22/86,,179
2/23/86,,185
2/23/86,,196
2/23/86,,190
2/23/86,,135
2/24/86,,98
2/25/86,,80
2/26/86,,66
2/27/86,,59
2/28/86,,58
3/1/86,,61
3/2/86,,67
3/3/86,,71
3/3/86,,87
3/4/86,,68
3/5/86,,73
3/6/86,,74
3/7/86,,71
3/8/86,,78
3/9/86,,75
3/10/86,,100
3/11/86,,84
3/11/86,,95
3/11/86,,112
3/11/86,,86
3/11/86,,107
3/11/86,,117
3/11/86,,141
3/11/86,,106
3/12/86,,93
3/13/86,,74
3/14/86,,56
3/15/86,,65
3/16/86,,63
3/17/86,,70
3/17/86,,69
3/17/86,,86
3/18/86,,55
3/18/86,,46
3/18/86,,55
3/19/86,,53
3/20/86,,47
3/21/86,,39
3/22/86,,37
3/23/86,,36
3/24/86,,35
3/25/86,,36
3/26/86,,39
3/27/86,,38
3/28/86,,41
3/29/86,,38
3/30/86,,39
3/31/86,,46
4/1/86,,67
4/1/86,,40
4/2/86,,44
4/3/86,,47
4/4/86,,49
4/5/86,,45
4/6/86,,49
4/7/86,,40
4/8/86,,49
4/9/86,,43
4/10/86,,48
4/11/86,,46
4/12/86,,42
4/13/86,,48
4/14/86,,49
4/14/86,,56
4/15/86,,50
4/15/86,,57
4/15/86,,62
4/16/86,,52
4/17/86,,49
4/18/86,,47
4/19/86,,69
4/20/86,,62
4/21/86,,60
4/22/86,,63
4/23/86,,77
4/24/86,,79
4/25/86,,78
4/26/86,,81
4/27/86,,81
4/28/86,,77
4/28/86,,80
4/28/86,,95
4/29/86,,86
4/30/86,,108
5/1/86,,88
5/2/86,,80
5/3/86,,84
5/4/86,,83
5/5/86,,91
5/5/86,,75
5/6/86,,76
6/2/86,,79
6/16/86,,91
8/25/86,,67
9/23/86,,68
10/21/86,,56
10/22/86,,62
11/21/86,,34
12/16/86,,40
1/16/87,,29
1/22/87,,26
2/19/87,,103
3/9/87,,134
3/9/87,,148
3/9/87,,134
3/9/87,,130
3/9/87,,146
3/9/87,,90
3/25/87,,63
4/23/87,,80
5/18/87,,100
6/17/87,,132
7/13/87,,110
7/13/87,,110
7/13/87,,112
7/13/87,,112
7/13/87,,115
7/13/87,,113
7/21/87,,127
8/17/87,,111
8/21/87,,100
9/21/87,,54
10/22/87,,45
11/16/87,,36
11/19/87,,51
11/27/87,,32
12/17/87,,21
1/11/88,,42
1/22/88,,82
2/19/88,,39
3/16/88,,66
3/16/88,,66
3/16/88,,70
3/16/88,,66
3/16/88,,72
3/16/88,,68
5/19/88,,46
7/18/88,,103
8/24/88,,113
8/26/88,,115
9/19/88,,45
9/19/88,,45
9/19/88,,45
9/19/88,,45
9/19/88,,45
9/19/88,,45
9/28/88,,48
10/13/88,,43
11/14/88,,34
12/12/88,,29
1/9/89,,34
2/13/89,,60
3/13/89,,94
3/13/89,,94
3/13/89,,94
3/13/89,,94
3/13/89,,94
3/13/89,,94
4/11/89,,75
5/15/89,,70
6/13/89,,119
7/10/89,,119
8/15/89,,153
9/26/89,,84
9/26/89,,84
9/26/89,,84
9/26/89,,84
9/26/89,,84
9/26/89,,84
12/11/89,,31
1/8/90,,33
2/12/90,,63
3/12/90,,54
4/3/90,,53
4/3/90,,57
4/3/90,,62
4/3/90,,56
4/3/90,,51
4/3/90,,46
5/18/90,,51
6/15/90,,55
7/13/90,,126
8/10/90,,88
9/19/90,,41
9/19/90,,47
9/19/90,,50
9/19/90,,50
9/19/90,,51
9/19/90,,55
10/15/90,,36
11/13/90,,21
12/11/90,,21
1/9/91,,35
2/13/91,,51
3/12/91,,93
3/12/91,,90
3/12/91,,94
3/12/91,,91
3/12/91,,88
3/12/91,,84
4/17/91,,65
5/14/91,,68
6/19/91,,114
7/16/91,,132
7/16/91,,132
9/11/91,,71
9/11/91,,84
9/11/91,,78
9/11/91,,80
9/11/91,,67
9/11/91,,52
11/6/91,,67
11/6/91,,66
1/14/92,,28
1/14/92,,28
2/27/92,,115
2/27/92,,115
3/18/92,,67
3/18/92,,76
3/18/92,,80
3/18/92,,88
3/18/92,,86
3/18/92,,80
3/18/92,,80
4/2/92,,82
4/29/92,,111
5/6/92,,82
5/13/92,,64
5/20/92,,38
5/27/92,,65
5/27/92,,65
6/3/92,,45
6/10/92,,71
6/17/92,,49
6/24/92,,78
7/2/92,,57
7/8/92,,83
7/15/92,,111
7/15/92,,111
7/15/92,,100
7/22/92,,52
7/29/92,,53
8/5/92,,108
8/12/92,,63
8/19/92,,32
8/26/92,,58
9/15/92,,28
9/15/92,,28
9/15/92,,28
9/15/92,,30
9/15/92,,31
9/15/92,,29
9/15/92,,25
11/17/92,,32
11/17/92,,34
12/16/92,,18
12/22/92,,32
1/6/93,,49
1/12/93,,198
1/13/93,,278
1/16/93,,232
1/22/93,,193
1/23/93,,154
1/29/93,,56
2/4/93,,53
2/11/93,,150
2/26/93,,180
3/5/93,,91
3/12/93,,59
3/17/93,,66
3/17/93,,68
3/17/93,,72
3/17/93,,66
3/17/93,,64
3/17/93,,60
3/18/93,,67
3/26/93,,137
3/30/93,,113
4/1/93,,94
4/6/93,,76
4/14/93,,81
4/20/93,,72
4/27/93,,64
5/4/93,,61
5/21/93,,85
5/25/93,,66
6/1/93,,60
6/14/93,,147
6/29/93,,147
7/13/93,,155
7/15/93,,158
8/4/93,,126
8/25/93,,85
9/7/93,,78
9/14/93,,71
9/14/93,,66
9/14/93,,75
9/14/93,,76
9/14/93,,70
9/14/93,,66
9/29/93,,56
10/13/93,,76
10/27/93,,55
11/16/93,,29
11/17/93,,32
12/27/93,,15
1/4/94,,65
1/11/94,,28
1/12/94,,33
1/18/94,,29
2/1/94,,34
2/16/94,,69
2/23/94,,81
3/1/94,,79
3/18/94,,66
3/18/94,,75
3/18/94,,74
3/18/94,,78
3/18/94,,78
3/18/94,,74
4/29/94,,51
5/18/94,,80
5/25/94,,57
6/24/94,,142
6/24/94,,142
6/28/94,,100
7/12/94,,117
7/26/94,,188
8/23/94,,90
9/13/94,,78
9/13/94,,78
9/13/94,,84
9/13/94,,83
9/13/94,,90
9/13/94,,85
9/29/94,,98
10/27/94,,60
11/16/94,,40
11/16/94,,40
11/30/94,,19
12/29/94,,56
1/10/95,,511
1/10/95,,511
1/24/95,,224
1/25/95,,374
1/25/95,,374
1/31/95,,146
2/6/95,,95
2/15/95,,72
3/2/95,,58
3/6/95,,65
3/15/95,,157
3/15/95,,130
3/15/95,,152
3/15/95,,178
3/15/95,,167
3/15/95,,164
3/17/95,,247
3/17/95,,207
3/17/95,,242
3/17/95,,274
3/17/95,,264
3/17/95,,222
3/21/95,,42
4/3/95,,49
4/26/95,,68
5/17/95,,56
5/17/95,,56
7/11/95,,174
7/11/95,,171
7/27/95,,122
9/14/95,,81
9/14/95,,84
9/14/95,,86
9/14/95,,86
9/14/95,,76
9/14/95,,80
9/14/95,,75
11/1/95,,47
12/8/95,,44
1/5/96,,48
2/21/96,,186
4/29/96,,64
6/13/96,,80
8/8/96,,122
9/18/96,,62
1/9/97,,68
2/4/97,,56
3/5/97,,30
4/8/97,,51
6/11/97,,61
7/9/97,,84
8/7/97,,70
9/3/97,,48
10/3/97,,46
10/9/97,,52
11/6/97,,33
11/18/97,,34
12/22/97,,22
12/23/97,,20
1/8/98,,33
1/21/98,,127
2/4/98,,495
2/6/98,,154
2/10/98,,115
3/5/98,,35
3/10/98,,57
4/1/98,,56
4/2/98,,49
5/7/98,,93
5/12/98,,83
6/10/98,,70
6/11/98,,85
7/7/98,,94
7/9/98,,92
8/5/98,,77
8/10/98,,79
9/4/98,,74
9/18/98,,90
10/1/98,,82
10/19/98,,40
11/9/98,,35
11/10/98,,42
12/3/98,,50
1/8/99,,21
1/15/99,,17
2/11/99,,176
2/12/99,,181
3/10/99,,49
3/12/99,,72
4/7/99,,44
4/28/99,,72
5/4/99,,69
5/21/99,,62
6/2/99,,67
6/18/99,,60
7/9/99,,88
8/4/99,,96
8/12/99,,88
9/22/99,,70
10/1/99,,78
10/6/99,,69
11/2/99,,54
11/3/99,,49
11/30/99,,30
12/8/99,,19
1/4/00,,23
1/26/00,,112
2/16/00,,228
2/23/00,,76
3/7/00,,82
3/9/00,,67
4/11/00,,40
4/26/00,,62
5/19/00,,53
5/30/00,,53
6/14/00,,57
6/15/00,,60
7/12/00,,63
7/17/00,,36
7/26/00,,36
8/8/00,,30
8/9/00,,23
8/23/00,,84
9/7/00,,37
9/20/00,,58
10/3/00,,42
10/4/00,,43
10/18/00,,72
11/1/00,,64
11/29/00,,44
12/12/00,,39
12/13/00,,30
1/11/01,,76
1/12/01,,118
2/15/01,,64
2/20/01,,68
3/8/01,,145
3/20/01,,65
4/4/01,,37
4/18/01,,46
5/7/01,,59
5/21/01,,56
6/12/01,,28
6/14/01,,49
6/19/01,,50
6/28/01,,63
7/12/01,,58
7/18/01,,60
7/26/01,,63
8/1/01,,74
8/9/01,,54
8/14/01,,60
8/15/01,,38
8/23/01,,167
9/6/01,,29
9/11/01,,43
9/12/01,,42
9/20/01,,50
10/3/01,,50
10/4/01,,46
10/10/01,,39
10/18/01,,57
11/1/01,,56
11/6/01,,54
11/8/01,,42
11/16/01,,58
12/4/01,,30
12/5/01,,38
1/7/02,,112
1/17/02,,34
1/31/02,,15
2/5/02,,22
2/7/02,,25
2/28/02,,57
3/5/02,,44
3/13/02,,53
3/27/02,,39
4/3/02,,46
4/9/02,,36
4/23/02,,31
5/1/02,,58
5/6/02,,45
5/20/02,,37
6/5/02,,60
6/10/02,,47
6/26/02,,53
7/3/02,,71
7/10/02,,54
7/25/02,,78
8/6/02,,61
8/9/02,,58
9/11/02,,17
9/11/02,,34
10/8/02,,50
10/16/02,,32
11/6/02,,43
11/8/02,,47
12/4/02,,30
12/11/02,,34
12/17/02,,150
12/18/02,,263
12/18/02,,145
12/19/02,,168
12/19/02,,172
1/2/03,,57
1/8/03,,34
1/24/03,,34
2/5/03,,34
2/6/03,,27
2/19/03,,34
3/4/03,,68
3/11/03,,54
3/27/03,,52
4/2/03,,61
4/8/03,,37
4/29/03,,38
5/7/03,,77
5/13/03,,45
5/28/03,,49
6/4/03,,51
6/10/03,,16
6/24/03,,32
7/2/03,,53
7/9/03,,46
7/23/03,,67
8/6/03,,39
8/7/03,,70
9/3/03,,63
9/3/03,,54
10/7/03,,68
10/8/03,,52
11/3/03,,41
12/3/03,,30
12/16/03,,35
1/6/04,,58
1/21/04,,29
2/3/04,,40
3/3/04,,148
3/24/04,,50
4/6/04,,60
4/27/04,,49
5/4/04,,67
5/19/04,,60
6/8/04,,48
6/28/04,,33
7/4/04,,54
8/3/04,,57
8/9/04,,74
9/8/04,,52
10/1/04,,46
10/19/04,,82
11/4/04,,61
12/1/04,,28
12/20/04,,33
1/5/05,,228
1/13/05,,238
2/2/05,,84
2/24/05,,89
3/3/05,,100
3/31/05,,123
4/6/05,,101
4/20/05,,47
5/3/05,,69
6/3/05,,91
6/22/05,,56
7/1/05,,68
8/2/05,,72
8/31/05,,51
9/7/05,,53
10/4/05,,34
10/18/05,,54
11/2/05,,49
12/6/05,,34
12/14/05,,46
1/11/06,,55
2/1/06,,56
2/15/06,,48
3/10/06,,73
4/19/06,,36
4/26/06,,41
5/1/06,,38
6/5/06,,70
6/14/06,,62
7/6/06,,118
8/9/06,,30
8/10/06,,30
9/6/06,,37
10/6/06,,38
10/19/06,,42
11/7/06,,38
11/21/06,,34
12/5/06,,18
12/14/06,,24
12/28/06,,21
1/9/07,,16
1/24/07,,14
1/24/07,,11
2/7/07,,26
2/14/07,,42
2/21/07,,82
3/13/07,,83
3/22/07,,54
3/27/07,,74
4/12/07,,55
4/30/07,,74
4/30/07,,57
5/9/07,,58
5/15/07,,65
5/23/07,,46
6/6/07,,40
6/18/07,,80
7/5/07,,55
7/25/07,,50
8/7/07,,52
8/22/07,,45
8/23/07,,44
9/13/07,,58
9/27/07,,30
10/10/07,,32
10/30/07,,74
11/8/07,,45
11/28/07,,21
12/3/07,,30
12/11/07,,24
12/18/07,,31
1/5/08,,112
1/8/08,,144
1/27/08,,344
1/29/08,,175
2/5/08,,86
2/21/08,,49
2/22/08,,58
3/12/08,,60
3/18/08,,45
3/26/08,,38
4/8/08,,38
4/22/08,,54
4/28/08,,79
5/8/08,,60
5/21/08,,58
6/2/08,,48
6/6/08,,39
6/19/08,,57
7/9/08,,40
7/16/08,,54
7/23/08,,40
8/6/08,,38
8/20/08,,42
8/27/08,,29
9/9/08,,26
9/24/08,,30
10/7/08,,31
10/28/08,,36
11/10/08,,34
11/13/08,,22
12/10/08,,12
12/23/08,,21
1/7/09,,12
1/21/09,,22
1/21/09,,14
1/21/09,,13
2/4/09,,31
2/18/09,,51
3/10/09,,62
3/19/09,,52
3/25/09,,33
4/8/09,,29
4/15/09,,35
4/22/09,,36
5/5/09,,37
5/13/09,,64
5/20/09,,32
6/2/09,,33
6/16/09,,30
7/7/09,,30
7/8/09,,26
7/23/09,,147
8/6/09,,34
8/18/09,,20
8/31/09,,25
9/9/09,,34
9/23/09,,28
9/24/09,,21
11/10/09,,20
11/24/09,,15
12/1/09,,16
12/15/09,,32
12/15/09,,37
1/5/10,,30
1/19/10,,108
1/19/10,,72
2/2/10,,50
2/11/10,,72
2/17/10,,47
3/3/10,,75
3/18/10,,63
4/9/10,,50
4/20/10,,48
5/5/10,,62
5/11/10,,78
5/18/10,,51
5/20/10,,62
6/2/10,,48
6/15/10,,77
7/13/10,,47
7/20/10,,82
8/4/10,,59
8/26/10,,45
9/29/10,,32
10/14/10,,54
10/25/10,,61
11/8/10,,87
11/30/10,,24
12/14/10,,54
12/29/10,,177
1/5/11,,112
1/13/11,,119
1/25/11,,69
2/9/11,,64
2/28/11,,126
3/3/11,,67
3/16/11,,49
3/30/11,,98
4/19/11,,177
4/26/11,,46
5/2/11,,59
5/11/11,,47
6/2/11,,55
6/14/11,,55
7/6/11,,157
7/25/11,,55
8/2/11,,43
8/9/11,,41
8/23/11,,31
9/7/11,,41
9/20/11,,37
10/13/11,,61
10/13/11,,68
10/26/11,,48
11/22/11,,42
11/30/11,,49
12/6/11,,17
12/28/11,,15
1/4/12,,18
1/18/12,,15
1/19/12,,14
2/7/12,,22
2/21/12,,29
3/9/12,,40
3/13/12,,40
4/3/12,,38
4/10/12,,37
4/16/12,,139
5/15/12,,55
5/15/12,,57
5/16/12,,45
5/30/12,,42
6/21/12,,35
7/2/12,,38
7/23/12,,41
8/8/12,,33
8/14/12,,36
8/23/12,,38
9/6/12,,19
9/20/12,,29
10/3/12,,23
10/17/12,,32
11/14/12,,21
11/28/12,,22
1/8/13,,61
1/10/13,,63
1/24/13,,42
2/7/13,,28
2/20/13,,32
2/27/13,,27
3/21/13,,10
4/10/13,,48
4/23/13,,46
5/1/13,,46
5/9/13,,46
5/29/13,,40
6/11/13,,38
6/25/13,,26
7/19/13,,30
7/26/13,,32
8/2/13,,25
8/7/13,,21
8/29/13,,30
9/6/13,,24
10/18/13,,24
10/24/13,,29
11/21/13,,56
12/3/13,,33
12/5/13,,12
12/17/13,,15
1/9/14,,17
1/14/14,,17
1/23/14,,14
2/12/14,,386
2/25/14,,12
2/25/14,,16
2/27/14,,18
3/25/14,,20
4/17/14,,107
4/29/14,,47
5/15/14,,22
5/29/14,,14
6/4/14,,14
6/10/14,,23
6/20/14,,528
7/1/14,,22
7/15/14,,25
7/23/14,,16
8/4/14,,14
8/26/14,,11
9/3/14,,9
10/9/14,,6
10/9/14,,10
10/15/14,,9
11/4/14,,27
11/12/14,,12
11/12/14,,13
11/12/14,,20
11/12/14,,14
11/12/14,,15
11/12/14,,19
11/12/14,,12
11/12/14,,10
11/12/14,,15
11/12/14,,19
11/12/14,,15
12/1/14,,12
12/16/14,,296
1/5/15,,10
1/8/15,,14
1/21/15,,13
2/18/15,,17
2/23/15,,21
3/10/15,,16
4/6/15,,35
4/14/15,,41
4/23/15,,19
5/15/15,,13
5/20/15,,19
5/28/15,,8
5/28/15,,10
6/11/15,,10
6/30/15,,17
7/17/15,,3
7/24/15,,8
7/24/15,,8
7/28/15,,5
7/31/15,,7
8/14/15,,8
8/18/15,,6
9/2/15,,7
9/8/15,,6
9/23/15,,6
10/15/15,,5
10/21/15,,4
10/27/15,,21
11/3/15,,20
11/10/15,,2
11/30/15,,4
12/8/15,,5
12/15/15,,4
12/21/15,,9
1/13/16,,39
1/19/16,,461
1/26/16,,57
1/27/16,,55
2/9/16,,31
2/17/16,,19
2/23/16,,21
3/7/16,,35
3/16/16,,92
3/29/16,,102
4/19/16,,487
4/19/16,,47
5/12/16,,45
5/18/16,,27
5/19/16,,31
5/25/16,,24
6/15/16,,20
6/21/16,,19
6/29/16,,22
7/12/16,,20
7/13/16,,32
7/27/16,,13
8/9/16,,22
8/17/16,,16
8/18/16,,14
8/18/16,,14
8/18/16,,20
8/18/16,,16
8/18/16,,17
8/18/16,,16
8/18/16,,16
8/18/16,,16
8/18/16,,14
8/18/16,,16
8/18/16,,16
8/18/16,,15
8/18/16,,17
9/6/16,,16
9/20/16,,13
10/1/16,,35
10/2/16,,22
10/3/16,,28
10/4/16,,22
10/5/16,,18
10/6/16,,21
10/7/16,,25
10/8/16,,26
10/9/16,,34
10/10/16,,27
10/11/16,,28
10/12/16,,16
10/13/16,,27
10/14/16,,23
10/15/16,,34
10/16/16,,53
10/17/16,,53
10/18/16,,28
10/19/16,,45
10/20/16,,24
10/21/16,,22
10/22/16,,45
10/23/16,,27
10/25/16,,31
10/26/16,,31
10/27/16,,26
10/28/16,,29
10/29/16,,25
10/30/16,,28
10/31/16,,26
11/1/16,,22
11/2/16,,21
11/3/16,,18
11/4/16,,24
11/5/16,,21
11/6/16,,22
11/7/16,,18
11/8/16,,22
11/9/16,,20
11/10/16,,18
11/11/16,,18
11/12/16,,20
11/13/16,,20
11/14/16,,23
11/14/16,,10
11/15/16,,20
11/15/16,,35
11/16/16,,22
11/17/16,,18
11/18/16,,16
11/19/16,,14
11/20/16,,19
11/21/16,,21
11/22/16,,17
11/23/16,,19
11/24/16,,14
11/25/16,,17
11/26/16,,14
11/27/16,,18
11/28/16,,27
11/29/16,,28
11/30/16,,17
12/1/16,,14
12/2/16,,14
12/3/16,,20
12/4/16,,18
12/5/16,,13
12/6/16,,18
12/7/16,,15
12/8/16,,13
12/9/16,,22
12/10/16,,32
12/11/16,,24
12/12/16,,19
12/13/16,,26
12/14/16,,19
12/15/16,,29
12/16/16,,27
12/16/16,,13
12/17/16,,56
12/19/16,,43
12/20/16,,31
12/21/16,,31
12/21/16,,25
12/22/16,,21
12/23/16,,25
12/24/16,,16
12/25/16,,14
12/26/16,,14
12/27/16,,15
12/28/16,,9
12/29/16,,12
12/30/16,,12
1/1/17,,13
1/2/17,,12
1/3/17,,16
1/4/17,,19
1/5/17,,311
1/6/17,,253
1/7/17,,196
1/8/17,,195
1/9/17,,108
1/9/17,,32
1/10/17,,161
1/10/17,,125
1/11/17,,176
1/12/17,,260
1/13/17,,146
1/14/17,,129
1/15/17,,142
1/16/17,,138
1/17/17,,93
1/18/17,,125
1/19/17,,99
1/21/17,,162
1/22/17,,101
1/23/17,,114
1/24/17,,87
1/24/17,,87
1/25/17,,70
1/26/17,,53
1/27/17,,52
1/28/17,,46
1/29/17,,35
1/30/17,,61
1/31/17,,52
2/1/17,,43
2/2/17,,53
2/3/17,,57
2/4/17,,56
2/5/17,,49
2/6/17,,51
2/7/17,,53
2/7/17,,914
2/8/17,,86
2/9/17,,77
2/10/17,,50
2/11/17,,56
2/12/17,,54
2/13/17,,61
2/14/17,,61
2/15/17,,70
2/16/17,,51
2/17/17,,59
2/18/17,,56
2/19/17,,63
2/20/17,,52
2/21/17,,44
2/22/17,,69
2/23/17,,67
2/23/17,,54
2/24/17,,41
2/25/17,,31
2/26/17,,43
2/27/17,,38
2/28/17,,28
2/28/17,,22
3/1/17,,24
3/2/17,,34
3/3/17,,31
3/4/17,,45
3/5/17,,32
3/6/17,,38
3/7/17,,29
3/8/17,,33
3/8/17,,26
3/9/17,,33
3/10/17,,30
3/11/17,,35
3/12/17,,27
3/13/17,,40
3/14/17,,24
3/14/17,,29
3/15/17,,22
3/16/17,,28
3/17/17,,29
3/18/17,,30
3/19/17,,35
3/20/17,,34
3/21/17,,33
3/22/17,,33
3/23/17,,33
3/24/17,,33
3/25/17,,30
3/26/17,,38
3/27/17,,22
3/28/17,,22
3/29/17,,34
3/30/17,,29
3/31/17,,28
4/1/17,,26
4/2/17,,28
4/3/17,,26
4/4/17,,34
4/5/17,,36
4/6/17,,37
4/7/17,,34
4/8/17,,33
4/9/17,,42
4/10/17,,46
4/11/17,,40
4/12/17,,36
4/13/17,,40
4/14/17,,35
4/15/17,,29
4/16/17,,34
4/17/17,,35
4/18/17,,32
4/19/17,,39
4/20/17,,28
4/21/17,,25
4/22/17,,33
4/23/17,,22
4/24/17,,25
4/25/17,,26
4/25/17,,18
4/26/17,,37
4/27/17,,26
4/28/17,,27
4/29/17,,27
4/30/17,,24
5/1/17,,23
5/2/17,,25
5/3/17,,24
5/4/17,,28
5/5/17,,25
5/6/17,,25
5/7/17,,37
5/8/17,,32
5/9/17,,34
5/10/17,,39
5/11/17,,36
5/12/17,,29
5/13/17,,35
5/14/17,,39
5/15/17,,39
5/16/17,,15
5/16/17,,34
5/16/17,,31
5/17/17,,35
5/18/17,,39
5/19/17,,41
5/20/17,,39
5/21/17,,46
5/22/17,,51
5/23/17,,64
5/24/17,,53
5/24/17,,62
5/25/17,,66
5/26/17,,64
5/27/17,,59
5/28/17,,54
5/29/17,,53
5/30/17,,52
5/31/17,,52
6/1/17,,58
6/2/17,,64
6/3/17,,66
6/4/17,,53
6/5/17,,57
6/6/17,,57
6/6/17,,74
6/7/17,,52
6/8/17,,56
6/9/17,,54
6/10/17,,59
6/11/17,,49
6/12/17,,61
6/13/17,,54
6/13/17,,47
6/14/17,,56
6/15/17,,51
6/16/17,,49
6/17/17,,54
6/18/17,,46
6/19/17,,57
6/20/17,,53
6/21/17,,56
6/22/17,,54
6/23/17,,60
6/24/17,,59
6/25/17,,56
6/26/17,,62
6/27/17,,54
6/28/17,,48
6/29/17,,53
6/29/17,,63
6/30/17,,60
7/1/17,,56
7/2/17,,74
7/3/17,,62
7/4/17,,71
7/5/17,,71
7/6/17,,74
7/7/17,,62
7/8/17,,70
7/9/17,,63
7/10/17,,67
7/11/17,,56
7/12/17,,51
7/13/17,,54
7/14/17,,59
7/15/17,,59
7/16/17,,59
7/17/17,,54
7/18/17,,45
7/19/17,,51
7/19/17,,52
7/20/17,,58
7/21/17,,45
7/22/17,,40
7/24/17,,38
7/25/17,,38
7/25/17,,44
7/26/17,,34
7/27/17,,33
7/28/17,,33
7/29/17,,31
7/30/17,,29
7/31/17,,27
8/1/17,,26
8/2/17,,32
8/3/17,,30
8/4/17,,32
8/5/17,,29
8/6/17,,47
8/7/17,,37
8/8/17,,40
8/9/17,,41
8/10/17,,43
8/11/17,,43
8/12/17,,41
8/13/17,,43
8/14/17,,43
8/15/17,,43
8/16/17,,43
8/17/17,,41
8/17/17,,33
8/18/17,,39
8/19/17,,33
8/20/17,,37
8/22/17,,38
8/23/17,,36
8/23/17,,33
8/24/17,,41
8/25/17,,42
8/26/17,,43
8/27/17,,46
8/28/17,,49
8/29/17,,45
8/30/17,,45
8/31/17,,43
9/1/17,,42
9/2/17,,44
9/3/17,,42
9/5/17,,35
9/6/17,,40
9/6/17,,38
9/7/17,,43
9/8/17,,48
9/9/17,,51
9/10/17,,50
9/11/17,,59
9/12/17,,54
9/13/17,,51
9/14/17,,74
9/16/17,,70
9/18/17,,74
9/19/17,,73
9/20/17,,73
9/21/17,,63
9/22/17,,66
9/23/17,,66
9/24/17,,46
9/25/17,,58
9/26/17,,61
9/27/17,,49
9/28/17,,59
9/29/17,,55
9/30/17,,70
10/1/17,,61
10/2/17,,62
10/3/17,,55
10/4/17,,65
10/5/17,,56
10/6/17,,64
10/7/17,,73
10/8/17,,73
10/9/17,,107
10/10/17,,95
10/11/17,,63
10/12/17,,53
10/13/17,,45
10/14/17,,49
10/15/17,,59
10/16/17,,61
10/17/17,,52
10/18/17,,62
10/19/17,,76
10/20/17,,128
10/21/17,,95
10/22/17,,73
10/23/17,,81
10/24/17,,98
10/25/17,,108
10/26/17,,83
10/27/17,,79
10/28/17,,62
10/29/17,,100
10/30/17,,108
10/31/17,,93
11/1/17,,77
11/2/17,,71
11/3/17,,47
11/4/17,,67
11/5/17,,82
11/6/17,,99
11/8/17,,88
11/9/17,,65
11/10/17,,98
11/11/17,,67
11/12/17,,61
11/13/17,,42
11/14/17,,51
11/15/17,,52
11/16/17,,55
11/17/17,,67
11/19/17,,41
11/20/17,,44
11/21/17,,46
11/23/17,,71
11/24/17,,65
11/25/17,,65
11/27/17,,64
11/28/17,,49
11/29/17,,45
11/29/17,,34
11/30/17,,74
12/1/17,,50
12/2/17,,56
12/4/17,,67
12/5/17,,66
12/6/17,,47
12/6/17,,110
12/7/17,,114
12/8/17,,78
12/10/17,,119
12/11/17,,158
12/12/17,,67
12/13/17,,67
12/13/17,,64
12/14/17,,78
12/15/17,,59
12/16/17,,46
12/17/17,,44
12/18/17,,75
12/19/17,,52
12/20/17,,41
12/21/17,,47
12/22/17,,88
12/23/17,,68
12/24/17,,75
12/25/17,,85
12/26/17,,55
12/27/17,,84
12/29/17,,82
12/30/17,,97
12/31/17,,93
1/1/18,,75
1/3/18,,81
1/4/18,,66
1/5/18,,64
1/6/18,,67
1/9/18,,71
1/11/18,,117
1/12/18,,81
1/13/18,,115
1/14/18,,70
1/15/18,,104
1/16/18,,84
1/16/18,,56
1/17/18,,77
1/18/18,,61
1/19/18,,61
1/20/18,,70
1/21/18,,56
1/22/18,,66
1/23/18,,53
1/24/18,,55
1/25/18,,83
1/26/18,,48
1/27/18,,61
1/28/18,,61
1/30/18,,52
1/30/18,,34
1/31/18,,46
2/1/18,,54
2/2/18,,60
2/3/18,,49
2/4/18,,62
2/5/18,,54
2/6/18,,47
2/7/18,,41
2/8/18,,56
2/9/18,,44
2/10/18,,60
2/11/18,,63
2/12/18,,66
2/13/18,,65
2/13/18,,55
2/15/18,,48
2/16/18,,84
2/17/18,,50
2/18/18,,67
2/19/18,,46
2/20/18,,62
2/22/18,,53
2/23/18,,85
2/24/18,,63
2/25/18,,78
2/26/18,,78
2/27/18,,69
2/27/18,,56
2/27/18,,56
2/28/18,,104
3/1/18,,97
3/2/18,,62
3/3/18,,77
3/4/18,,57
3/8/18,,91
3/9/18,,82
3/10/18,,87
3/11/18,,76
3/12/18,,58
3/13/18,,89
3/14/18,,68
3/16/18,,77
3/17/18,,122
3/18/18,,124
3/19/18,,112
3/20/18,,128
3/21/18,,117
3/22/18,,91
3/23/18,,203
3/24/18,,266
3/25/18,,316
3/26/18,,364
3/27/18,,288
3/27/18,,263
3/28/18,,207
3/29/18,,151
3/30/18,,146
3/31/18,,111
4/1/18,,135
4/3/18,,152
4/4/18,,148
4/5/18,,112
4/6/18,,135
4/7/18,,144
4/8/18,,154
4/9/18,,108
4/10/18,,102
4/11/18,,138
4/12/18,,112
4/13/18,,84
4/14/18,,98
4/15/18,,88
4/18/18,,72
4/18/18,,92
4/19/18,,99
4/20/18,,96
4/21/18,,103
4/22/18,,94
4/23/18,,100
4/24/18,,88
4/26/18,,69
4/26/18,,121
4/27/18,,89
4/28/18,,143
4/29/18,,105
4/30/18,,81
5/1/18,,80
5/2/18,,137
5/3/18,,84
5/4/18,,132
5/5/18,,129
5/7/18,,149
5/8/18,,99
5/9/18,,450
5/9/18,,120
5/10/18,,99
5/11/18,,103
5/12/18,,124
5/13/18,,127
5/14/18,,89
5/15/18,,97
5/16/18,,87
5/17/18,,92
5/18/18,,91
5/20/18,,92
5/21/18,,133
5/22/18,,74
5/23/18,,93
5/24/18,,79
5/25/18,,91
5/26/18,,83
5/27/18,,146
5/28/18,,108
5/29/18,,94
5/30/18,,90
5/31/18,,70
5/31/18,,32
6/1/18,,99
6/4/18,,64
6/5/18,,81
6/6/18,,86
6/7/18,,122
6/8/18,,166
6/9/18,,121
6/10/18,,126
6/11/18,,76
6/12/18,,74
6/13/18,,57
6/14/18,,69
6/15/18,,71
6/16/18,,77
6/19/18,,57
6/20/18,,75
6/21/18,,64
6/22/18,,78
6/23/18,,53
6/24/18,,89
6/25/18,,106
6/26/18,,64
6/27/18,,38
6/28/18,,30
6/29/18,,36
6/30/18,,40
7/1/18,,36
7/2/18,,32
7/3/18,,59
7/4/18,,58
7/5/18,,84
7/6/18,,40
7/7/18,,54
7/8/18,,53
7/9/18,,38
7/10/18,,29
7/11/18,,64
7/11/18,,29
7/12/18,,38
7/13/18,,29
7/14/18,,92
7/15/18,,126
7/16/18,,121
7/17/18,,40
7/18/18,,81
7/19/18,,58
7/21/18,,44
7/22/18,,61
7/23/18,,80
7/24/18,,61
7/25/18,,39
7/25/18,,50
7/26/18,,45
7/27/18,,62
7/28/18,,53
7/29/18,,135
7/30/18,,97
7/31/18,,49
8/1/18,,30
8/2/18,,29
8/3/18,,33
8/4/18,,66
8/5/18,,40
8/6/18,,53
8/7/18,,29
8/8/18,,30
8/9/18,,45
8/11/18,,42
8/13/18,,58
8/14/18,,66
8/15/18,,27
8/17/18,,39
8/18/18,,56
8/19/18,,84
8/20/18,,56
8/21/18,,44
8/21/18,,54
8/22/18,,43
8/23/18,,46
8/24/18,,29
8/25/18,,32
8/26/18,,52
8/27/18,,46
8/28/18,,87
8/29/18,,35
8/30/18,,66
8/31/18,,57
9/1/18,,54
9/4/18,,85
9/5/18,,52
9/6/18,,47
9/7/18,,73
9/9/18,,78
9/12/18,,86
9/16/18,,111
9/18/18,,106
9/19/18,,94
9/21/18,,61
9/22/18,,89
9/23/18,,92
9/24/18,,52
9/25/18,,40
9/26/18,,54
9/27/18,,50
9/28/18,,44
9/30/18,,40
10/1/18,,38
10/2/18,,38
10/3/18,,54
10/4/18,,53
10/5/18,,24
10/6/18,,41
10/7/18,,47
10/8/18,,74
10/9/18,,78
10/10/18,,38
10/16/18,,39
11/27/18,,49
12/11/18,,60
12/19/18,,52