"","Month","Year","DecYear","Q","Conc","Flux","FNConc","FNFlux"
"1",10,1974,1974.7894977169,569.716680004647,0.0939789917633273,4598.63338780293,0.0989901896724226,2796.21042621145
"2",11,1974,1974.87305936073,623.065009598797,0.120403704300562,6543.2428678762,0.124947714315425,4235.36621038053
"3",12,1974,1974.95662100457,726.190092358016,0.144996056196877,9005.07741687654,0.145687691980946,8576.65045385382
"4",1,1975,1975.04155251142,550.260266209395,0.160789638285286,7643.78397884504,0.159709384384284,12395.7274423509
"5",2,1975,1975.12237442922,1345.55586048304,0.168654586428274,19627.1067571774,0.159881384047395,14216.1457775492
"6",3,1975,1975.20319634703,1442.51496081985,0.147636557917873,17875.099065894,0.142720813032619,13020.6285071562
"7",4,1975,1975.28675799087,939.364183536923,0.127093938998722,10389.690379028,0.112312635822178,7624.39762284696
"8",5,1975,1975.3703196347,856.995653648164,0.09830502564391,7294.12583166594,0.0840078133685966,4402.3295215173
"9",6,1975,1975.45388127854,671.39242740134,0.0779163004116743,4544.36183308175,0.0703602781300585,3070.41212059944
"10",7,1975,1975.53744292237,517.741565218269,0.0677922212918641,3027.17843330782,0.0660079092228527,2817.64627230795
"11",8,1975,1975.62237442922,552.087159523503,0.067720889311904,3232.66605046507,0.0676130650237724,2690.51878680727
"12",9,1975,1975.70593607306,577.097328993645,0.0778269965319112,3862.85875698058,0.0795871038574727,2961.4556505012
"13",10,1975,1975.7894977169,542.952692952962,0.0994653952316732,4672.82214045539,0.103787630396347,2936.65517681354
"14",11,1975,1975.87305936073,630.049831703071,0.126885637287788,6958.0397623286,0.131286559783539,4460.40158292406
"15",12,1975,1975.95662100457,723.358407721148,0.153174624971698,9512.45026471864,0.153928825163757,9065.03476772562
"16",1,1976,1976.04143897996,428.497826824082,0.16711782700997,6195.29613089098,0.169207516352497,13099.0986839981
"17",2,1976,1976.12340619308,361.674479136486,0.159350719398821,4981.38531845111,0.169484701114109,15037.8758167828
"18",3,1976,1976.20537340619,412.695199657046,0.144924224421724,5323.00155247061,0.151119646342065,13729.5557986527
"19",4,1976,1976.28870673953,360.31299214384,0.116832474694474,3705.49951963413,0.119134262851586,8061.56058432635
"20",5,1976,1976.37204007286,308.927659415699,0.0893979593756319,2384.15943809109,0.0890753480368196,4665.02835227463
"21",6,1976,1976.45537340619,309.635276092697,0.0739345963192696,1983.93380185073,0.0746056624026074,3257.88103115236
"22",7,1976,1976.53870673953,341.994428401058,0.0689341736369311,2037.51252308222,0.0700659814777891,2991.51806466896
"23",8,1976,1976.62340619308,377.98422668899,0.0724025531867001,2366.39155935791,0.0717023466147293,2854.34327591363
"24",9,1976,1976.70673952641,354.243748072154,0.0851427255798684,2589.82260000997,0.084030961770992,3129.39668476944
"25",10,1976,1976.79007285974,229.448665785421,0.111871506078343,2202.57561972144,0.108839110985104,3084.35938947986
"26",11,1976,1976.87340619308,221.532128090953,0.14140069311364,2710.82961638612,0.137732033967817,4689.54074442286
"27",12,1976,1976.95673952641,219.254601092698,0.161743014185093,3063.27011011937,0.16203988081101,9547.92844185353
"28",1,1977,1977.04155251142,277.550766745891,0.168439034136862,4044.65709820408,0.178350328069073,13777.003241347
"29",2,1977,1977.12237442922,226.615676224758,0.148955281033949,2931.21736338956,0.178941400128291,15784.5451507715
"30",3,1977,1977.20319634703,186.123890841345,0.112665298423022,1824.45814807072,0.16037433799934,14535.6738975705
"31",4,1977,1977.28675799087,168.796721203686,0.0788778507813103,1153.5881428307,0.127002843791028,8584.09621665887
"32",5,1977,1977.3703196347,215.116687736242,0.0765267234271942,1450.03119824173,0.0949312113501714,4979.40624433212
"33",6,1977,1977.45388127854,194.40458926976,0.0580084736499745,982.682526716389,0.0793282470267732,3472.16526302805
"34",7,1977,1977.53744292237,233.568310208735,0.0648180744828392,1309.7595443367,0.0743239591826451,3175.44703389933
"35",8,1977,1977.62237442922,217.665203909423,0.0710081182124842,1334.23363307714,0.0757472325112461,3017.4999939035
"36",9,1977,1977.70593607306,193.630595469016,0.0884021832043773,1470.74158892537,0.088286490362561,3291.15926979199
"37",10,1977,1977.7894977169,127.261388260778,0.111971725408867,1231.92938132415,0.113601063090906,3224.45140891526
"38",11,1977,1977.87305936073,189.364190616135,0.149017781789282,2450.01146604339,0.143992551231289,4913.96252890711
"39",12,1977,1977.95662100457,332.595062299971,0.171987065027089,5009.60030820762,0.1700174337228,10026.2657891602
"40",1,1978,1978.04155251142,1288.1424757777,0.191193924851299,21495.2204601542,0.187115142702384,14430.5185363065
"41",2,1978,1978.12237442922,1265.86416427405,0.195612961891987,21442.9196230871,0.187587999266987,16499.2367664908
"42",3,1978,1978.20319634703,1573.59455610711,0.173137314198303,23381.6112267406,0.168296131179997,15221.0087596111
"43",4,1978,1978.28675799087,1101.05337630207,0.146522602802623,13939.7568853598,0.133692303530216,9028.74813435589
"44",5,1978,1978.3703196347,713.401839159259,0.115955967567778,7271.36924370156,0.100078989677417,5260.54436602627
"45",6,1978,1978.45388127854,358.491275027455,0.0868975800461675,2703.79654201621,0.0837420929308397,3676.26530945024
"46",7,1978,1978.53744292237,404.930903072086,0.0796598292530636,2785.72697856945,0.0785902070607472,3361.38416620312
"47",8,1978,1978.62237442922,452.156095241784,0.0810184534806689,3165.87599072119,0.0799513626637955,3188.38192045754
"48",9,1978,1978.70593607306,507.815444878281,0.0923448820632563,4037.56032153579,0.0927555299108003,3462.70012266408
"49",10,1978,1978.7894977169,353.595200945645,0.118008543854263,3572.6750676877,0.118483180908697,3370.04162941155
"50",11,1978,1978.87305936073,352.355958314242,0.150246317064514,4602.41414894098,0.150397820399605,5148.08258723493
"51",12,1978,1978.95662100457,373.873716732246,0.17924308205694,5791.4167295057,0.178151093316411,10521.5598103319
"52",1,1979,1979.04155251142,656.676801756198,0.197232916311406,11248.9979152482,0.195599156068208,15071.4913704101
"53",2,1979,1979.12237442922,918.679401475232,0.196099582158196,15754.2832335609,0.195526493592477,17161.8004229594
"54",3,1979,1979.20319634703,825.847122642619,0.187298566965794,13498.4633439982,0.175508900702944,15851.8448544848
"55",4,1979,1979.28675799087,468.549417913715,0.147249100953264,6112.15382844378,0.139987176013747,9457.33485159866
"56",5,1979,1979.3703196347,509.246511307665,0.119808754901817,5251.64265649999,0.105113437778896,5548.89944088831
"57",6,1979,1979.45388127854,345.654304673655,0.0901899096407864,2700.03491385413,0.0881796932491981,3891.28743554896
"58",7,1979,1979.53744292237,464.76165910913,0.0852926196676057,3423.85656265344,0.0829301525280366,3554.38998173976
"59",8,1979,1979.62237442922,443.935075328297,0.085326450486929,3266.1320084584,0.084079280300945,3359.60321267998
"60",9,1979,1979.70593607306,412.482062103733,0.0975606821442284,3470.59136069667,0.09696543443222,3628.65461781402
"61",10,1979,1979.7894977169,356.152851585397,0.122745275972952,3785.08620603927,0.122739253657722,3502.28731025637
"62",11,1979,1979.87305936073,430.416064803896,0.156371203786213,5872.74297141629,0.156420894477459,5381.18130086084
"63",12,1979,1979.95662100457,575.380049278383,0.18768247958438,9433.73807167782,0.186427892239289,11042.6775533666
"64",1,1980,1980.04143897996,1660.37198852725,0.208116298724593,30008.3521654389,0.203608346383165,15685.5922726281
"65",2,1980,1980.12340619308,1488.78260890767,0.206080381976234,26013.0593330243,0.201946616245428,17723.8878085123
"66",3,1980,1980.20537340619,1567.01774017632,0.186391499752552,25307.810137393,0.180727643237568,16280.6773276721
"67",4,1980,1980.28870673953,639.583169980526,0.161659968951471,9040.46712958563,0.145081591380892,9800.60813442348
"68",5,1980,1980.37204007286,450.055167930559,0.123611885249007,4812.54651932667,0.109594631465199,5822.34126851027
"69",6,1980,1980.45537340619,504.417423314039,0.101926441193498,4428.1989061399,0.0922977460909921,4107.42330210871
"70",7,1980,1980.53870673953,501.938938051232,0.0901949484964213,3910.74058507833,0.0869504972490503,3740.34988873494
"71",8,1980,1980.62340619308,422.37773422182,0.0887200515482736,3235.83222440761,0.0876170595760344,3513.61431766519
"72",9,1980,1980.70673952641,449.860299310388,0.101092411153928,3927.0013057189,0.100194125076507,3766.46297784193
"73",10,1980,1980.79007285974,321.213516953077,0.125578537042342,3443.98475361145,0.125124887912391,3589.90342844393
"74",11,1980,1980.87340619308,307.851314771471,0.160715961479104,4285.67404503721,0.160803654036347,5586.15831926124
"75",12,1980,1980.95673952641,472.52595569409,0.196029005700041,7978.29690841053,0.194201863303513,11574.8532327134
"76",1,1981,1981.04155251142,524.135691817647,0.208880429146395,9621.82037440375,0.209927842731403,16161.3392645407
"77",2,1981,1981.12237442922,686.380129657904,0.21304371455047,12708.7213452892,0.205243173584772,17841.8885936875
"78",3,1981,1981.20319634703,694.036770029711,0.194974780403138,11616.148543781,0.183884596788713,16409.7744808744
"79",4,1981,1981.28675799087,487.738800802888,0.158294308560758,6947.47864213941,0.150655122185702,10108.5759180265
"80",5,1981,1981.3703196347,390.224411893515,0.124239082309065,4202.78155048779,0.115194736442674,6136.95825608776
"81",6,1981,1981.45388127854,303.80200574075,0.092195350611161,2430.0483460082,0.0968438073874173,4346.51350486816
"82",7,1981,1981.53744292237,433.339094106469,0.0908873281745649,3405.52991701544,0.0899583429246158,3884.33228760394
"83",8,1981,1981.62237442922,420.550840907711,0.089984845400453,3269.30364496167,0.0890600738519328,3586.24668192037
"84",9,1981,1981.70593607306,362.550023006966,0.0995569797720535,3111.51197248019,0.100236530110047,3787.87550770912
"85",10,1981,1981.7894977169,280.199762051348,0.121904107994118,2946.96471414671,0.123170348436176,3549.48718315482
"86",11,1981,1981.87305936073,932.738041486653,0.163654660227741,14052.1669127532,0.159936613213495,5607.07458957433
"87",12,1981,1981.95662100457,1757.28867884069,0.198274979123658,30095.6691668753,0.196534382043527,11717.3351059509
"88",1,1982,1982.04155251142,1829.54230941367,0.210293514556003,33034.1733454053,0.211239604953897,15984.1601901876
"89",2,1982,1982.12237442922,1682.930858647,0.198280924950625,27952.535847769,0.203865156696413,17153.1257200687
"90",3,1982,1982.20319634703,1778.66333061576,0.167614450179501,25739.0301561736,0.181833930430329,15655.7670188693
"91",4,1982,1982.28675799087,2168.50409491331,0.126039024782437,23641.5462691708,0.153588448675238,9938.98995915929
"92",5,1982,1982.3703196347,1199.44680537775,0.120340854641733,12454.6426956119,0.120922384449633,6230.76237865783
"93",6,1982,1982.45388127854,730.857804775562,0.108076887226616,6854.43166845474,0.10229175963515,4513.31983688667
"94",7,1982,1982.53744292237,499.289942745776,0.095994779841053,4146.03853182113,0.0935978083421121,4020.14350370121
"95",8,1982,1982.62237442922,583.60106919187,0.094509324762444,4773.08777101382,0.0920181478370544,3695.41167583927
"96",9,1982,1982.70593607306,703.862411237423,0.105897252501108,6434.0553127091,0.101670986805267,3842.45938354784
"97",10,1982,1982.7894977169,544.505552269954,0.12704111463421,5983.4022316897,0.121872349956819,3514.13407167429
"98",11,1982,1982.87305936073,892.641387028606,0.166209715695822,13106.3486976806,0.15662427130417,5504.67610205757
"99",12,1982,1982.95662100457,1634.06472480409,0.195821621217761,27487.4524601931,0.194602763606335,11556.7875540597
"100",1,1983,1983.04155251142,1345.415581175,0.208876261183562,23667.482240314,0.211118178416525,15700.7987286619
"101",2,1983,1983.12237442922,2238.14331066142,0.177223842200113,34254.7273425044,0.202865393714863,16663.2720079313
"102",3,1983,1983.20319634703,2216.93503667032,0.148811696273129,28552.8414928457,0.178393473890826,15046.0432565748
"103",4,1983,1983.28675799087,1713.45237376867,0.130647457103767,19323.7234827251,0.152607343420208,9624.90549250197
"104",5,1983,1983.3703196347,1763.68280544007,0.105292224764944,16022.5128076897,0.125112214671057,6249.4864856875
"105",6,1983,1983.45388127854,1369.96902731661,0.0988132958189339,11689.7599258535,0.107494840041469,4674.10435140005
"106",7,1983,1983.53744292237,877.822237428998,0.0979257898292009,7427.22261278875,0.0984254840752088,4208.66700293574
"107",8,1983,1983.62237442922,709.017295205399,0.10011771587919,6137.83733182462,0.0965498108529942,3872.83173208672
"108",9,1983,1983.70593607306,697.066368108941,0.110485535669079,6644.07365994503,0.104410902591349,3958.26607973124
"109",10,1983,1983.7894977169,598.855628364673,0.129856934047311,6675.38314099695,0.12083942149562,3504.2414954506
"110",11,1983,1983.87305936073,1382.42843971883,0.167971594294212,20865.6161369408,0.153906206686426,5464.79722804873
"111",12,1983,1983.95662100457,2109.97043312928,0.19458441073056,35446.0230989166,0.19360911701581,11580.1911036733
"112",1,1984,1984.04143897996,1608.48821840658,0.206567700604368,28529.1253747115,0.209730931474581,15601.3951268144
"113",2,1984,1984.12340619308,916.684667962562,0.20202324136203,15869.2656425916,0.1976049481854,16273.4590577753
"114",3,1984,1984.20537340619,889.879733302112,0.174533025949555,13306.2181952883,0.169167436499188,14359.9553777641
"115",4,1984,1984.28870673953,507.815444878281,0.150646127900818,6686.01811149706,0.143552021193762,9110.41284618091
"116",5,1984,1984.37204007286,436.262123409042,0.127573167190936,4800.55087634263,0.120981931096319,6069.59471034097
"117",6,1984,1984.45537340619,424.469527066474,0.111132300176123,4072.64003724431,0.107452047252717,4704.01984467934
"118",7,1984,1984.53870673953,612.557328220485,0.104230160741217,5514.42971060004,0.101956551911878,4374.37266793991
"119",8,1984,1984.62340619308,531.899988402607,0.103580750549009,4761.94900255983,0.10078056934451,4058.5685545535
"120",9,1984,1984.70673952641,501.019401749798,0.111239745541742,4812.75623920367,0.107466061623784,4099.00572712558
"121",10,1984,1984.79007285974,374.787163389301,0.12515357655298,4039.29140892305,0.12010661281644,3517.40286348027
"122",11,1984,1984.87340619308,744.166722568841,0.167157331079045,11134.1080269982,0.152351542151002,5469.23738402835
"123",12,1984,1984.95673952641,921.941710964711,0.202832021599203,16083.5105777214,0.193092331594258,11656.6736808282
"124",1,1985,1985.04155251142,475.448984996663,0.214046482572794,8790.54227911876,0.207938179557154,15578.7187224799
"125",2,1985,1985.12237442922,517.389235793405,0.203382899556073,9082.6417079625,0.193524918452429,16026.3331845011
"126",3,1985,1985.20319634703,405.204937069202,0.174870485217977,6138.8445643561,0.163579986975919,14031.4423726748
"127",4,1985,1985.28675799087,353.828434325413,0.143952507351095,4428.60354818516,0.137456922664247,8840.02626345355
"128",5,1985,1985.3703196347,380.359187997331,0.123528205264041,4050.36114426291,0.117441607504028,5971.54903745982
"129",6,1985,1985.45388127854,376.897225167096,0.110167229942536,3596.48920918937,0.107716558336776,4754.76360946602
"130",7,1985,1985.53744292237,454.074333221597,0.106716560891334,4187.28035697608,0.105671101190279,4550.19958333526
"131",8,1985,1985.62237442922,380.815911325858,0.103020645196672,3391.95395899555,0.105133696382848,4246.21878253587
"132",9,1985,1985.70593607306,345.238990926914,0.106857056810626,3192.66288040053,0.11085166520705,4242.06984950921
"133",10,1985,1985.7894977169,274.974847172998,0.117682082354393,2798.25628065086,0.120805366234661,3554.80641896881
"134",11,1985,1985.87305936073,294.995466520091,0.148166517998438,3859.22898481011,0.151610502233219,5449.74839645709
"135",12,1985,1985.95662100457,456.083915867116,0.192027379399228,7539.91134877122,0.191732889053216,11578.8934606655
"136",1,1986,1986.04155251142,565.332136050788,0.212496261860281,10396.3382035458,0.206926375966525,15504.0100768323
"137",2,1986,1986.12237442922,1950.82845161352,0.179410981846059,29197.6618027116,0.193407921909926,15976.2084293908
"138",3,1986,1986.20319634703,2123.30675432227,0.144252604440996,26470.2730237559,0.164137463185923,14010.1877523127
"139",4,1986,1986.28675799087,731.32975221504,0.143326410921412,9111.95746303438,0.138732715848071,8884.93203273737
"140",5,1986,1986.3703196347,361.359497530605,0.125826378417673,3925.17794006122,0.119115621898836,6038.54013689664
"141",6,1986,1986.45388127854,334.705124077766,0.110410216278667,3213.29072349705,0.11015029496833,4854.73149111939
"142",7,1986,1986.53744292237,478.006635636415,0.111356550321667,4598.72814310278,0.109219007585419,4708.86868222469
"143",8,1986,1986.62237442922,427.94975882985,0.109176040248928,4038.80623931002,0.108858790215753,4404.01527616247
"144",9,1986,1986.70593607306,513.667593127807,0.119346540214705,5356.26162503212,0.113802661820318,4363.98847022675
"145",10,1986,1986.7894977169,437.358259397507,0.131179640173735,4954.52913648424,0.121453383813518,3584.38507078839
"146",11,1986,1986.87305936073,359.057611954829,0.154734691756494,4806.71466117667,0.150254142783983,5394.10931749688
"147",12,1986,1986.95662100457,371.22472142679,0.188777259727144,6046.68903233834,0.189409650030291,11431.3526882979
"148",1,1987,1987.04155251142,372.960270075192,0.208777883692568,6746.60214113652,0.20680604472113,15545.083181212
"149",2,1987,1987.12237442922,492.81425840916,0.207112954755382,8832.84890069384,0.197275691138277,16365.1471617897
"150",3,1987,1987.20319634703,611.004468903493,0.180858851330403,9490.4241315245,0.170647734168368,14631.0814206143
"151",4,1987,1987.28675799087,334.884464104768,0.151246212528675,4373.31696981332,0.144567620537854,9294.14376771713
"152",5,1987,1987.3703196347,283.058850087927,0.123459118787464,3038.97835105716,0.122966334912677,6241.78325386951
"153",6,1987,1987.45388127854,285.075131342265,0.108243610930344,2670.63534197482,0.11289615613548,4977.52037798378
"154",7,1987,1987.53744292237,428.771860821198,0.112627096000137,4172.42360379362,0.11186366839963,4831.81370578396
"155",8,1987,1987.62237442922,408.858723697419,0.110112087010772,3892.5659514379,0.111286171869917,4514.83280085192
"156",9,1987,1987.70593607306,329.183339035874,0.108343299783737,3083.7794043552,0.115799773767463,4461.14986612953
"157",10,1987,1987.7894977169,269.26580556641,0.114543356389697,2674.99721633288,0.120903599012226,3592.05168816047
"158",11,1987,1987.87305936073,230.197083079768,0.133241256601328,2663.52628888559,0.149394398553993,5409.60820123941
"159",12,1987,1987.95662100457,445.816775441828,0.192794824150171,7490.07886435365,0.191666389210211,11633.4778595173
"160",1,1988,1988.04143897996,719.247897764405,0.222091419895828,13811.0858437348,0.212502517087352,16058.1355739913
"161",2,1988,1988.12340619308,345.123770655483,0.207800858096971,6272.04613447992,0.205248577683471,17132.7454248409
"162",3,1988,1988.20537340619,321.350533951635,0.182892261608453,5076.08489507363,0.177988068291414,15272.6392109956
"163",4,1988,1988.28870673953,478.177145679065,0.160472081418593,6634.50587996461,0.149380532968633,9612.62513480337
"164",5,1988,1988.37204007286,310.745418263237,0.126830043461908,3449.86403792509,0.125085874657606,6351.05568107612
"165",6,1988,1988.45537340619,299.545039836659,0.109901697743118,2857.18463307068,0.113061065728054,4984.73677287268
"166",7,1988,1988.53870673953,414.61343763686,0.110350676557802,3954.91855829813,0.11066730210373,4782.9843734422
"167",8,1988,1988.62340619308,376.248678040587,0.105758135489717,3450.55657690347,0.11056257026754,4494.28941446789
"168",9,1988,1988.70673952641,326.682017606641,0.106991503031428,3019.77894619785,0.11630901310504,4502.02898452979
"169",10,1988,1988.79007285974,263.748587757803,0.11179875134934,2571.22157741921,0.120875396757192,3616.15823931145
"170",11,1988,1988.87340619308,321.55666841391,0.144339356132329,4305.77790944396,0.150845275968498,5473.50869982818
"171",12,1988,1988.95673952641,350.781785241919,0.188677411754014,5854.17141204409,0.195802105361672,11744.7670231269
"172",1,1989,1989.04155251142,363.168121911572,0.218150425423391,6884.99953390593,0.217303534034736,16160.9847895577
"173",2,1989,1989.12237442922,341.42026193091,0.21546081341986,6382.67888031965,0.209907150428529,17181.5917487354
"174",3,1989,1989.20319634703,1228.22037507495,0.181916126584006,18438.0453286091,0.18113683125874,15293.0389484534
"175",4,1989,1989.28675799087,602.393711749663,0.163164091946144,8567.11148805544,0.150872912714972,9567.61469786453
"176",5,1989,1989.3703196347,390.754210954606,0.132512894848523,4481.6332931634,0.124269756486094,6240.99642508216
"177",6,1989,1989.45388127854,376.236498751826,0.114897352603164,3748.55535115818,0.111119079640187,4879.13593222574
"178",7,1989,1989.53744292237,531.44326507408,0.112502749300617,5177.71844367022,0.108493242798138,4696.69520369496
"179",8,1989,1989.62237442922,518.746356541028,0.113306542382456,5101.40036415338,0.108687428766903,4432.86414762838
"180",9,1989,1989.70593607306,466.189680716325,0.120285614280913,4908.25650789149,0.115276401662952,4487.41868368868
"181",10,1989,1989.7894977169,404.200145746443,0.132417414392137,4715.02178008667,0.119235668918573,3595.54563155393
"182",11,1989,1989.87305936073,419.938831647485,0.167615697038911,6146.46027455766,0.151636129232392,5533.14680657784
"183",12,1989,1989.95662100457,435.988089411926,0.209208849703744,7886.99000274301,0.200656947329416,11891.4365605048
"184",1,1990,1990.04155251142,535.462430365118,0.238428479537354,11153.8697923689,0.222767630013496,16238.0090524185
"185",2,1990,1990.12237442922,390.873611481921,0.228408534421319,7752.66905103298,0.213887616468443,17086.5652158772
"186",3,1990,1990.20319634703,364.373871498884,0.197271650451742,6267.63720935884,0.182282301133387,15027.1588300231
"187",4,1990,1990.28675799087,432.435999844861,0.166730208616908,6272.49032686611,0.151097323704215,9422.6337697321
"188",5,1990,1990.3703196347,294.559143500238,0.118557250336319,3076.64301358027,0.122334847935967,6097.2568124904
"189",6,1990,1990.45388127854,297.855468003328,0.100875009410129,2680.16993890929,0.107944929661626,4743.05072000376
"190",7,1990,1990.53744292237,382.460115308555,0.101426671254559,3358.19438678087,0.10589817289921,4600.34579598516
"191",8,1990,1990.62237442922,391.868615876212,0.100886871840743,3419.90322983977,0.106113429605185,4345.42971332289
"192",9,1990,1990.70593607306,283.999091180255,0.0924623403978852,2289.53928023176,0.113283850446969,4435.58825336873
"193",10,1990,1990.7894977169,215.783503795892,0.0934143322015789,1751.65235300518,0.116398998019204,3538.19606409856
"194",11,1990,1990.87305936073,218.681565556506,0.118173948895524,2236.14018970383,0.148583424933675,5406.60219808017
"195",12,1990,1990.95662100457,306.342605376236,0.18302762567827,4885.53320907123,0.197646693049014,11522.2613446475
"196",1,1991,1991.04155251142,254.394893989569,0.192647659188663,4268.52087343187,0.21925640483795,15695.1464013526
"197",2,1991,1991.12237442922,230.306979412103,0.183155075375211,3757.7186876453,0.210170865720959,16505.1259703086
"198",3,1991,1991.20319634703,729.295810992,0.196982352146588,12143.7253153846,0.177374234868403,14402.101337141
"199",4,1991,1991.28675799087,308.058971644841,0.145092686698389,4142.56464131832,0.14624891908707,9010.75254910578
"200",5,1991,1991.3703196347,207.617290681828,0.103091104741811,1857.61072897841,0.117069402956516,5782.67297201558
"201",6,1991,1991.45388127854,252.859999123499,0.0929051189169124,2036.44521323098,0.101572069284841,4436.14665719473
"202",7,1991,1991.53744292237,269.411957031539,0.0842987905961663,1969.09461208932,0.0981024017614177,4247.71611970188
"203",8,1991,1991.62237442922,269.43022596468,0.0820897475132178,1912.28397663624,0.0987844685869508,4028.619622866
"204",9,1991,1991.70593607306,281.695987675602,0.090727047859986,2212.95577853545,0.107414418327353,4176.40847562475
"205",10,1991,1991.7894977169,266.123549066144,0.103666774976176,2406.10586594753,0.114012662255143,3447.4634272508
"206",11,1991,1991.87305936073,197.038055982047,0.110197700013748,1891.36024948845,0.146211091204283,5231.60626821197
"207",12,1991,1991.95662100457,262.195728440811,0.168782736829,3932.69256686013,0.192009003235276,10945.5553356176
"208",1,1992,1992.04143897996,295.655279488703,0.206655471629008,5403.68547165053,0.214177831098031,15042.9149380181
"209",2,1992,1992.12340619308,737.976074086861,0.203937064282293,13103.55429367,0.207386434318544,16066.5703853302
"210",3,1992,1992.20537340619,575.83677260691,0.204976329536354,10135.1700449742,0.17558590781725,14073.6532119105
"211",4,1992,1992.28870673953,267.547003440053,0.145860954936378,3491.65435183496,0.145005304030864,8851.15975090664
"212",5,1992,1992.37204007286,181.620598822068,0.0964004910562309,1520.48629504307,0.114495304021347,5612.91933213962
"213",6,1992,1992.45537340619,240.976362597444,0.0892416748554278,1870.00276435969,0.0964831177928013,4185.94005348642
"214",7,1992,1992.53870673953,235.276455457427,0.0771318584946999,1571.92172118852,0.0908906991321603,3916.90144797854
"215",8,1992,1992.62340619308,246.858959068873,0.077166784664866,1651.27609988249,0.0923428294068505,3744.653727308
"216",9,1992,1992.70673952641,277.929847108568,0.0893506671788859,2145.11372976536,0.103022901097254,3969.78351980646
"217",10,1992,1992.79007285974,188.170011353146,0.0842371360942294,1399.78145293206,0.113747260581779,3413.38976551615
"218",11,1992,1992.87340619308,180.661479832162,0.103578470547217,1627.99599909212,0.146051144281153,5147.04969777111
"219",12,1992,1992.95673952641,352.270703292917,0.175294649056983,5684.31108397683,0.188821371372269,10600.7743085486
"220",1,1993,1993.04155251142,1366.60754361865,0.195535426557098,21976.1594668628,0.212280537435528,14747.5961565586
"221",2,1993,1993.12237442922,1376.09760192355,0.192687655583419,21702.033719579,0.20974735757266,16062.098420985
"222",3,1993,1993.20319634703,1397.11666196426,0.169162824380731,18339.6312812156,0.180506133790517,14391.5195963537
"223",4,1993,1993.28675799087,1223.66532107844,0.135626136130315,13905.2447621285,0.148876378332668,9100.42803574687
"224",5,1993,1993.3703196347,706.642333897058,0.122078736112041,7421.10655234549,0.11480322045852,5664.06794323818
"225",6,1993,1993.45388127854,862.908698341495,0.0935684480053962,6927.20512296404,0.0930571081230561,4055.44837977676
"226",7,1993,1993.53744292237,562.409106748214,0.0877528392295747,4263.95225472426,0.0850591100716709,3658.81164309519
"227",8,1993,1993.62237442922,596.93739038486,0.0911165213806283,4691.11192636289,0.0866172291226838,3497.61195908941
"228",9,1993,1993.70593607306,448.161288528267,0.102160689727005,3948.18405725433,0.0988690045334671,3780.66595369204
"229",10,1993,1993.7894977169,391.32054788198,0.124782739337231,4219.09549590928,0.113891325621169,3388.51589188918
"230",11,1993,1993.87305936073,342.445062085205,0.157625849251239,4676.5450194388,0.147678111912966,5144.61395397076
"231",12,1993,1993.95662100457,576.019461938321,0.206486975261386,10246.9940772427,0.189107111617663,10521.2419876865
"232",1,1994,1994.04155251142,401.825184438102,0.239375752718657,8339.31027224977,0.213030789565595,14731.0139513825
"233",2,1994,1994.12237442922,571.899165053109,0.240618504583276,11777.8019765989,0.211725275125861,16190.0555152109
"234",3,1994,1994.20319634703,381.163021055538,0.214783709576154,7177.33720743702,0.183297720296615,14705.0538875402
"235",4,1994,1994.28675799087,238.852599119793,0.151612571652108,3144.60696146352,0.150337664569425,9325.0712042314
"236",5,1994,1994.3703196347,250.540149096801,0.112502333338672,2453.4747707547,0.114339776554137,5760.06582854096
"237",6,1994,1994.45388127854,229.111603968968,0.0818817669005415,1618.61232460664,0.0907025668534831,4010.96067893096
"238",7,1994,1994.53744292237,335.94741153136,0.07740890299608,2256.83999136852,0.0812998471932506,3502.9632623211
"239",8,1994,1994.62237442922,343.912666380872,0.0784753544844967,2351.93003005752,0.0821569556865998,3316.08938645981
"240",9,1994,1994.70593607306,408.140145660536,0.0955794621270092,3357.07689439818,0.0949056842364595,3623.18146183863
"241",10,1994,1994.7894977169,233.760134006717,0.0998903284235483,2019.85817381058,0.112618690318372,3339.92527952844
"242",11,1994,1994.87305936073,268.698555192379,0.142011352975993,3327.44437485637,0.148913207419318,5189.61563879382
"243",12,1994,1994.95662100457,463.58331292153,0.206085671978486,8211.51219420845,0.191532895759509,10673.1297921576
"244",1,1995,1995.04155251142,1761.58187812885,0.178209617034835,25113.9871745162,0.214282820223897,14861.8120752304
"245",2,1995,1995.12237442922,1647.53480068615,0.179313699357271,24885.4909721057,0.210853892586158,16261.1157472743
"246",3,1995,1995.20319634703,2036.62066656784,0.148534957500568,24942.8091176628,0.182750317757475,14866.391972697
"247",4,1995,1995.28675799087,1739.69265140364,0.126926375339115,19020.1029748777,0.149581658505376,9427.34753905465
"248",5,1995,1995.3703196347,1789.07662250618,0.103735147766449,15971.1046944158,0.113730888596007,5825.66516536581
"249",6,1995,1995.45388127854,1103.12994503577,0.0935474129836428,8936.56081429238,0.08949321278913,4002.10817128803
"250",7,1995,1995.53744292237,827.765360622433,0.083435338618335,5975.98337928591,0.0791620426488798,3420.04180673118
"251",8,1995,1995.62237442922,529.981750422794,0.0825378354267565,3785.20429575008,0.0789951019650611,3196.76884090989
"252",9,1995,1995.70593607306,658.933014999122,0.099675468213028,5685.92042818237,0.0916872685159871,3509.9922674926
"253",10,1995,1995.7894977169,400.546359118226,0.119175440861648,4092.88933752372,0.110453620060179,3281.13748030612
"254",11,1995,1995.87305936073,357.075432709021,0.161053233383303,4978.10498611457,0.148895080766685,5198.36229336759
"255",12,1995,1995.95662100457,695.772318678114,0.198970138898224,11776.5931895752,0.192242617122401,10698.9376893846
"256",1,1996,1996.04143897996,930.710798872431,0.217228775241749,16724.6675031946,0.212794412778486,14748.4361725903
"257",2,1996,1996.12340619308,2131.47737717882,0.158093279767981,28931.6932253077,0.206669669543319,16056.0358219892
"258",3,1996,1996.20537340619,1592.41155724243,0.157522969616586,21500.9088318001,0.178450553023648,14655.1280086192
"259",4,1996,1996.28870673953,1018.93452183291,0.14408667249218,12713.6972092457,0.145924582359158,9292.47297121091
"260",5,1996,1996.37204007286,1135.87091804678,0.11357086604674,10546.0977285187,0.111288943690138,5758.05258613449
"261",6,1996,1996.45537340619,666.389784542874,0.0934698379613124,5450.16955735538,0.0877416803431481,3947.87497689134
"262",7,1996,1996.53870673953,585.701996503094,0.0807187199194337,4087.4388647064,0.0771966892792366,3342.62563615763
"263",8,1996,1996.62340619308,603.240172318533,0.0815024680701596,4249.15752366353,0.076061808459235,3084.22040675819
"264",9,1996,1996.70673952641,498.376496088721,0.0931996408913779,3989.12390964571,0.0881445927762167,3375.53347998151
"265",10,1996,1996.79007285974,359.349914885086,0.115627356817733,3578.58205935335,0.10757886795487,3188.76175108382
"266",11,1996,1996.87340619308,438.911118714499,0.161268076725738,6183.17455859999,0.146771680404611,5087.63103816079
"267",12,1996,1996.95673952641,1654.25189592499,0.155097764735151,21143.5220511451,0.188780227675283,10408.4660400602
"268",1,1997,1997.04155251142,2466.67135270891,0.147237180134089,31147.9529495427,0.208007232541765,14330.8633128473
"269",2,1997,1997.12237442922,1623.3643496786,0.174026573137514,23713.7021200433,0.201434701303216,15638.4251276814
"270",3,1997,1997.20319634703,692.849289375541,0.188176905829991,11289.1266862372,0.175029261844238,14434.1569163154
"271",4,1997,1997.28675799087,382.088647001353,0.153533272896642,5118.725402729,0.14386198019875,9197.96767135589
"272",5,1997,1997.3703196347,323.058679200326,0.111250501885974,3084.60222541787,0.109860487589731,5699.76475806466
"273",6,1997,1997.45388127854,431.076791219165,0.0891828297309588,3307.27259421707,0.0863595033650643,3887.29384434477
"274",7,1997,1997.53744292237,590.086540456954,0.0784713979088603,3998.56598009285,0.0750200098335948,3247.16082200534
"275",8,1997,1997.62237442922,529.981750422794,0.0759863359420872,3482.0500205206,0.0727417147669953,2946.94130424055
"276",9,1997,1997.70593607306,396.435849161483,0.0837893058497852,2857.76158115809,0.0835404490530413,3187.92242195105
"277",10,1997,1997.7894977169,340.057921488103,0.108173360223108,3159.72332273371,0.103353583757703,3040.0394131551
"278",11,1997,1997.87305936073,418.900547280634,0.150041731647016,5542.80035090348,0.141696023960987,4869.31696165698
"279",12,1997,1997.95662100457,623.244654108018,0.190201715908405,10064.2266005345,0.181661570748485,9981.1723296697
"280",1,1998,1998.04155251142,1466.35591856896,0.179414896394582,21220.4904055741,0.200904042962206,13863.6348249912
"281",2,1998,1998.12237442922,2304.08111006277,0.148542395714235,29535.2389860806,0.195513681090148,15254.5713518087
"282",3,1998,1998.20319634703,1807.43690031296,0.148248026279621,22967.3227584446,0.171544074262652,14195.5880034906
"283",4,1998,1998.28675799087,1633.41008803321,0.126650199092795,17920.8653893206,0.141550273183282,9059.12944392376
"284",5,1998,1998.3703196347,1366.33350962154,0.105898689395348,12474.3281466295,0.107729315718223,5572.15134129029
"285",6,1998,1998.45388127854,1576.96517427164,0.0852637267727065,11693.3114508392,0.0840590201494478,3765.14951336569
"286",7,1998,1998.53744292237,758.800138014848,0.0756229202905446,4981.77210570111,0.0720984487994055,3113.06289289028
"287",8,1998,1998.62237442922,712.945115830731,0.0740618397465755,4564.16669981598,0.069206359909329,2796.79172484596
"288",9,1998,1998.70593607306,716.888160567015,0.0829209910657721,5116.92935012473,0.0788025212701736,2996.74166117248
"289",10,1998,1998.7894977169,446.218691970932,0.10632309860627,4049.3110592219,0.0980028185628728,2867.59806243288
"290",11,1998,1998.87305936073,592.38842603273,0.139200630128207,7190.03012738331,0.134339955084161,4622.52697662064
"291",12,1998,1998.95662100457,1256.53722144363,0.156983937087179,16339.7125484369,0.173776893346229,9619.10390150584
"292",1,1999,1999.04155251142,977.022544385074,0.195191956999775,15460.1375792806,0.194302433644658,13514.4235970792
"293",2,1999,1999.12237442922,1901.37510206251,0.159089172727331,25384.171525579,0.191084050678355,14960.1233650081
"294",3,1999,1999.20319634703,1609.49300972934,0.150665205416163,20768.7866917521,0.169038064241319,13969.7116860708
"295",4,1999,1999.28675799087,868.666457103126,0.140143303864812,10509.0425645519,0.139398193518563,8857.57902150443
"296",5,1999,1999.3703196347,558.846664785703,0.11116190382856,5414.17353201779,0.105280806477698,5386.49489543144
"297",6,1999,1999.45388127854,488.088041908102,0.0846776661771813,3594.94135447943,0.0812621939991378,3615.66513127399
"298",7,1999,1999.53744292237,629.821470038808,0.0715159187564415,3885.39540323226,0.0688574356888744,2967.31299532285
"299",8,1999,1999.62237442922,510.525336627541,0.067486930719777,2981.43681656491,0.0656553726568052,2650.64102307738
"300",9,1999,1999.70593607306,448.255678016163,0.0768447726537862,2969.42944134902,0.0746048515377083,2838.13694654404
"301",10,1999,1999.7894977169,350.580826977367,0.0971174762598548,2925.70260750483,0.092505755145616,2714.0394038535
"302",11,1999,1999.87305936073,391.99954323039,0.138416204798198,4739.15493725789,0.127584191189273,4447.27386145978
"303",12,1999,1999.95662100457,468.598135068758,0.184230403548339,7426.05271794488,0.169305494119156,9502.55931586319
"304",1,2000,2000.04143897996,689.195502747325,0.204320916271514,11826.9222987248,0.192160023885776,13487.1763163062
"305",2,2000,2000.12340619308,1766.19005902288,0.163327480020453,23890.4277405553,0.190213253375282,14934.1186963195
"306",3,2000,2000.20537340619,1658.27106121603,0.146797291883959,20671.5156989217,0.167324913716744,13755.9369561227
"307",4,2000,2000.28870673953,754.360787261565,0.140700537148157,9105.23595305185,0.136540777480594,8603.92812713155
"308",5,2000,2000.37204007286,579.033835906599,0.107410779312606,5445.70358396083,0.102084897351897,5177.85180669932
"309",6,2000,2000.45537340619,455.523668584123,0.0816700549777376,3206.8768982739,0.0783564912959643,3475.88926049002
"310",7,2000,2000.53870673953,590.36057445407,0.0686133409572873,3496.85630486224,0.0662621027153486,2856.51656075722
"311",8,2000,2000.62340619308,501.116836059884,0.0650776045153167,2818.78016610881,0.0631906568199531,2556.24689028174
"312",9,2000,2000.70673952641,429.377780437044,0.073770725889301,2724.5402358267,0.0721862155019905,2760.74048526941
"313",10,2000,2000.79007285974,330.850379184998,0.0923411806165236,2650.92865539989,0.0881896048227231,2616.4054932259
"314",11,2000,2000.87340619308,347.825262895254,0.131556237928095,3966.83462041833,0.122894795004168,4378.05863143583
"315",12,2000,2000.95673952641,387.118693259531,0.180766688419576,6044.0860762744,0.168387330107173,9642.44972847158
"316",1,2001,2001.04155251142,486.775723544134,0.212361557795847,8946.02316488811,0.193415867474666,13739.9162687866
"317",2,2001,2001.12237442922,590.911904757792,0.211817885172909,10576.9696882602,0.191959621058802,15061.5098264678
"318",3,2001,2001.20319634703,699.334760640625,0.182375024753805,10983.4962511049,0.167432244491177,13708.9853608869
"319",4,2001,2001.28675799087,348.467111412943,0.146949197217462,4461.68461357613,0.135109660712009,8460.09985836867
"320",5,2001,2001.3703196347,256.550628100217,0.0989441188117673,2182.40694132737,0.10027237498908,5052.19900845365
"321",6,2001,2001.45388127854,350.656947532121,0.0779369744753509,2357.34815473464,0.0768755918199602,3400.21009471614
"322",7,2001,2001.53744292237,422.925802216052,0.0649804244351737,2371.99180851682,0.0648937843650369,2799.2260856483
"323",8,2001,2001.62237442922,374.330440060774,0.0595053382282254,1925.2043529681,0.0616931572130999,2502.78122928034
"324",9,2001,2001.70593607306,349.996221116852,0.0678240504927645,2049.36389910172,0.0707815386802977,2724.12334997617
"325",10,2001,2001.7894977169,237.0211385724,0.0723910263176814,1486.82503707729,0.0853461242286095,2560.85629970261
"326",11,2001,2001.87305936073,348.382160873838,0.124362065244893,3931.68046096373,0.120706749580645,4382.38061699417
"327",12,2001,2001.95662100457,775.242177841822,0.180718097364194,12113.5683106214,0.169891858170442,9898.53725707811
"328",1,2002,2002.04155251142,1083.71311392899,0.200718995800118,17919.535444058,0.196141531906301,14088.5801970155
"329",2,2002,2002.12237442922,514.658682750711,0.218993767323061,9669.55226985143,0.193202624128807,15204.5167620457
"330",3,2002,2002.20319634703,603.788240312766,0.186670757982464,9725.15301445317,0.165328820832763,13515.4165943194
"331",4,2002,2002.28675799087,409.933545930552,0.143803290534511,5163.42830872108,0.131097402703697,8182.11037666514
"332",5,2002,2002.3703196347,367.242094002034,0.101799992098519,3193.96483280699,0.0966113920401167,4845.02636251776
"333",6,2002,2002.45388127854,393.415385548824,0.0768967414650662,2599.22877927462,0.0743593256149885,3277.51161420219
"334",7,2002,2002.53744292237,535.188396368002,0.0652531322847372,3012.08224829005,0.0631638956550739,2725.57930868453
"335",8,2002,2002.62237442922,481.843111596042,0.0621513772276717,2587.80665705312,0.0603206975577625,2452.7137526507
"336",9,2002,2002.70593607306,384.070826247161,0.0691684378165099,2291.7028231328,0.0698953330311425,2703.21158843904
"337",10,2002,2002.7894977169,280.090148452501,0.0795585748190253,1926.07630402999,0.0842153704332753,2544.74304741829
"338",11,2002,2002.87305936073,332.619116395274,0.125268668224683,3626.42703157513,0.121052288073374,4439.78391235547
"339",12,2002,2002.95662100457,824.869734719571,0.171070060209579,12691.0948515308,0.172700257746859,10176.0805189358
"340",1,2003,2003.04155251142,1470.64911785711,0.19177825049204,24121.2016261951,0.199062142649683,14428.7361358775
"341",2,2003,2003.12237442922,1021.83362753256,0.205017750538042,17980.7479846274,0.193835964062579,15311.4945461068
"342",3,2003,2003.20319634703,649.095194502649,0.183491858768008,10182.685639649,0.162223057946725,13265.9766877698
"343",4,2003,2003.28675799087,611.266323611849,0.13695066368183,7005.8260490592,0.125668062195207,7846.23663133007
"344",5,2003,2003.3703196347,1147.9284139199,0.0884399616779057,8728.51327260975,0.0912687475466645,4583.36688399848
"345",6,2003,2003.45388127854,630.804947606236,0.0748762227137102,4127.43296500612,0.0703954237814192,3108.69512800929
"346",7,2003,2003.53744292237,635.119460649721,0.0639192727052272,3500.76175172939,0.0606991898801246,2626.39799916632
"347",8,2003,2003.62237442922,554.553465497549,0.0624216755198268,2995.64769889774,0.0587243815912838,2395.82827403526
"348",9,2003,2003.70593607306,434.569202271302,0.0713720107296048,2670.44674850044,0.0692076564985744,2688.14546498974
"349",10,2003,2003.7894977169,311.622327054009,0.0852198360430793,2287.2707572035,0.0843539182827073,2557.21420211471
"350",11,2003,2003.87305936073,352.544737290033,0.132254760740972,4034.19954774581,0.123338462821749,4531.94216991535
"351",12,2003,2003.95662100457,786.842950386409,0.191691288654059,13260.9764777281,0.176786869435279,10459.5829017522
"352",1,2004,2004.04143897996,1041.14649971027,0.216772832208983,18945.2754615762,0.203143009170309,14787.101852935
"353",2,2004,2004.12340619308,1257.85384455621,0.19521775236744,19217.2370993589,0.195063014324835,15446.4969722211
"354",3,2004,2004.20537340619,1322.57941474864,0.154172673946244,17232.7212028313,0.159190237654844,12995.9367285353
"355",4,2004,2004.28870673953,673.75216459873,0.129720100412668,7650.13866609903,0.120655124184119,7524.87778928854
"356",5,2004,2004.37204007286,354.874026265521,0.0924856473716316,2836.30411603413,0.0865006713572472,4348.27046869333
"357",6,2004,2004.45537340619,428.433885558088,0.07066110492366,2609.17491459714,0.0666762965791242,2955.5560769319
"358",7,2004,2004.53870673953,578.851146575188,0.061563268120362,3077.43948559458,0.0583887841120292,2534.61900429409
"359",8,2004,2004.62340619308,507.328273327852,0.0608503275338266,2665.26497380737,0.0575172960394126,2353.72302159291
"360",9,2004,2004.70673952641,413.709125446376,0.0699528451518807,2491.55347054413,0.0692056090814865,2695.90008314479
"361",10,2004,2004.79007285974,356.974953576746,0.0937693988254879,2974.33822669205,0.0858564109513742,2604.75651573682
"362",11,2004,2004.87340619308,346.881368016298,0.134673362733218,4033.17918198859,0.127592876097905,4685.28007261043
"363",12,2004,2004.95673952641,502.487006045465,0.190559616509727,8507.17198644309,0.183465325352205,10869.5551150668
"364",1,2005,2005.04155251142,953.729654630194,0.229834428767321,18667.6239470183,0.210051816973388,15316.4717834175
"365",2,2005,2005.12237442922,704.381553420849,0.22639012429373,13722.1629443192,0.199634581868919,15796.6286254241
"366",3,2005,2005.20319634703,859.918682950737,0.177807561509547,12752.853702895,0.160699688618421,13155.9904163238
"367",4,2005,2005.28675799087,626.746199626725,0.131160874491509,7231.99835550719,0.119711252379285,7496.16348040137
"368",5,2005,2005.3703196347,1138.88529201506,0.084124723890001,7529.56022517644,0.0846794771174245,4279.04787462412
"369",6,2005,2005.45388127854,811.372037950502,0.0694090836388871,4902.20053250808,0.0646265953225749,2879.64193564797
"370",7,2005,2005.53744292237,556.92842680589,0.059727941752773,2872.87248874484,0.0567464086615666,2467.45165001668
"371",8,2005,2005.62237442922,488.328582861126,0.0595707973411187,2515.94050564002,0.0568096551720769,2325.87559450086
"372",9,2005,2005.70593607306,507.815444878281,0.0764883646858451,3352.98738801962,0.0695762015078884,2706.33642792759
"373",10,2005,2005.7894977169,398.536776472707,0.100116109420623,3423.90949247109,0.0883080687935562,2667.72645031894
"374",11,2005,2005.87305936073,379.068183388694,0.14498034640819,4768.4210426167,0.13285967569509,4845.11799564621
"375",12,2005,2005.95662100457,1004.06056543388,0.191479388087962,15851.2863519274,0.190229981354679,11225.7912927053
"376",1,2006,2006.04155251142,1873.20505962086,0.195079168876509,30837.9996663926,0.216682954783972,15780.5973284762
"377",2,2006,2006.12237442922,1385.30057699337,0.201324179102673,23561.2508162814,0.203306250083477,16146.0911985663
"378",3,2006,2006.20319634703,1908.92082391168,0.132397522026584,21807.289476258,0.161000671457692,13265.3841400621
"379",4,2006,2006.28675799087,2198.7087310399,0.0848575190615484,16135.4832834038,0.117887665826101,7427.55418769123
"380",5,2006,2006.3703196347,1476.58652112797,0.0758569025274603,9669.87352008359,0.0825413497092202,4187.2837293444
"381",6,2006,2006.45388127854,770.501389691711,0.0673321095915406,4513.43638024943,0.062609192778204,2792.79413061266
"382",7,2006,2006.53744292237,526.327963794577,0.0576445975102317,2621.92677959568,0.0554208472488927,2407.73715532255
"383",8,2006,2006.62237442922,534.183605045242,0.0608819194074038,2807.76533141341,0.0569155105978813,2324.84748957636
"384",9,2006,2006.70593607306,509.986403099879,0.0769139047128363,3382.16954438322,0.070801762932595,2742.50553235326
"385",10,2006,2006.7894977169,331.919111773751,0.0949075099607513,2703.01961970124,0.0911517384687058,2735.86675955788
"386",11,2006,2006.87305936073,343.955293891534,0.142665178994072,4282.52485371319,0.136483499051352,4940.08123176937
"387",12,2006,2006.95662100457,480.016218281934,0.201702189805557,8531.85175044141,0.192813046321762,11371.3139291101
"388",1,2007,2007.04155251142,391.411892547685,0.225180673043288,7632.1616650198,0.218367092859895,15974.7291299414
"389",2,2007,2007.12237442922,642.792412568976,0.220166557918453,12183.2726473979,0.203222666190583,16306.5437817678
"390",3,2007,2007.20319634703,518.837701206733,0.175655071764896,8095.80037835262,0.159596983485426,13311.9963924639
"391",4,2007,2007.28675799087,385.986932851441,0.122356426239473,4128.05976049058,0.115237853083893,7343.32419244597
"392",5,2007,2007.3703196347,265.118757743384,0.0787135231119199,1818.04322107243,0.0799976365263635,4087.9109943433
"393",6,2007,2007.45388127854,348.023480819834,0.060591556299455,1813.60751502392,0.0605794233042443,2704.93258834338
"394",7,2007,2007.53744292237,539.846974318978,0.0564290594079042,2632.38311589096,0.0542802463050519,2354.8906008537
"395",8,2007,2007.62237442922,484.857485564321,0.0594261669716495,2486.96475708046,0.0572358593299974,2331.50466478527
"396",9,2007,2007.70593607306,430.321675316,0.0736210739975255,2722.60595956169,0.0720027177315189,2779.28272960391
"397",10,2007,2007.7894977169,298.514367525283,0.0923625491274815,2369.00578615321,0.0929461471726266,2775.18333116872
"398",11,2007,2007.87305936073,283.310047918617,0.132216424748854,3260.43615412655,0.13720891265043,4967.09085355735
"399",12,2007,2007.95662100457,343.236715854652,0.186133638788008,5567.04996067689,0.191842199250026,11448.4052756929
"400",1,2008,2008.04143897996,636.580975301008,0.227149703848506,12655.4257302613,0.216257719803303,16086.2190829462
"401",2,2008,2008.12340619308,744.92834809186,0.216658594663611,14012.5497178541,0.19985411717719,16366.3484663997
"402",3,2008,2008.20537340619,388.032139916585,0.164082289341399,5694.26170812699,0.155935751508353,13218.0752152631
"403",4,2008,2008.28870673953,288.614737138349,0.111121717403804,2788.23069873627,0.111494922942373,7203.38611096784
"404",5,2008,2008.37204007286,248.859407247821,0.0729951037442646,1562.87963341087,0.0769645921131099,3966.93107755221
"405",6,2008,2008.45537340619,320.27297137853,0.0578116242068235,1595.77587871072,0.0583983771621266,2609.04265518635
"406",7,2008,2008.53870673953,354.508647602699,0.0509511281942502,1562.15414711975,0.0530674994901272,2298.82669071924
"407",8,2008,2008.62340619308,306.278664110242,0.0519163103673948,1377.19067391939,0.0573307961236497,2329.03195902916
"408",9,2008,2008.70673952641,292.588534578754,0.064588398272348,1626.89345725398,0.0726860022077275,2797.31546665852
"409",10,2008,2008.79007285974,219.948820552059,0.0804061898985761,1525.73746424352,0.0937896437917123,2788.1996871948
"410",11,2008,2008.87340619308,275.796644682128,0.127694761554887,3038.96649782306,0.136743353306302,4972.68494831881
"411",12,2008,2008.95673952641,251.261771955874,0.163508047764182,3635.16116418306,0.191084789994645,11602.1576021672
"412",1,2009,2009.04155251142,258.889051542275,0.187830748706586,4245.8448417694,0.215751232980897,16380.7496757485
"413",2,2009,2009.12237442922,579.625618847991,0.197714212347598,10117.1001389012,0.199630641425482,16633.969852538
"414",3,2009,2009.20319634703,640.508795926341,0.166322058503473,9596.77496697096,0.15621212257741,13445.3029979317
"415",4,2009,2009.28675799087,385.203500101908,0.114662607357775,3822.90358149209,0.110440240716384,7218.18960856409
"416",5,2009,2009.3703196347,463.665523120665,0.0797487771450339,3276.98938380701,0.0752612652791389,3902.66667183417
"417",6,2009,2009.45388127854,338.48070359359,0.0565384706308482,1662.95565655353,0.0566472439448467,2529.79617835556
"418",7,2009,2009.53744292237,527.332755117337,0.0531868863813519,2424.09662734146,0.0516158291831356,2232.34422649033
"419",8,2009,2009.62237442922,427.401690835617,0.0567908484780833,2093.54363872067,0.0566902555316322,2297.27549799771
"420",9,2009,2009.70593607306,324.227890921356,0.0673698225858822,1877.74961546899,0.0725082155129158,2782.74264801794
"421",10,2009,2009.7894977169,276.966160885376,0.0911709882733987,2191.79288329645,0.0942543740206584,2791.96534888599
"422",11,2009,2009.87305936073,255.068713140256,0.127052447864364,2816.11708318646,0.137676995686456,5037.70323342021
"423",12,2009,2009.95662100457,300.49654677109,0.175814545134558,4627.10065093885,0.19467703906517,12024.6719618773
"424",1,2010,2010.04155251142,759.138113277958,0.218356274731943,15155.6635147625,0.221086156582907,17128.2049492871
"425",2,2010,2010.12237442922,820.986281503296,0.221230659101634,15846.5751240177,0.203667467130816,17331.3502299129
"426",3,2010,2010.20319634703,559.12069878282,0.166807189347349,8387.58357835174,0.157692210134225,13813.257774746
"427",4,2010,2010.28675799087,533.30060661009,0.115010834168394,5224.11182117597,0.108985680307267,7231.64536359261
"428",5,2010,2010.3703196347,489.333374183886,0.0780720925692266,3341.44294479154,0.0728372939691916,3814.18249410086
"429",6,2010,2010.45388127854,592.954762960104,0.057755387838392,3008.72428481707,0.0544110841170781,2434.52010380361
"430",7,2010,2010.53744292237,493.169850143513,0.0508902456193137,2169.85944724055,0.049819832592495,2153.47647449437
"431",8,2010,2010.62237442922,473.165368354028,0.0565854454623933,2305.18597669606,0.0554360612766406,2243.8035550011
"432",9,2010,2010.70593607306,469.493312792671,0.0744962579759933,3027.29350486315,0.0717002401685027,2748.19496149337
"433",10,2010,2010.7894977169,339.948307889257,0.0975403342213662,2883.74343937481,0.0944398812954569,2794.67158691612
"434",11,2010,2010.87305936073,369.346066135448,0.144744029681359,4725.03077949485,0.140064914374339,5159.01118838594
"435",12,2010,2010.95662100457,1294.07987904856,0.220705744413047,25474.5299741758,0.201633170667596,12608.7894660929
"436",1,2011,2011.04155251142,990.084831580948,0.249014069839517,21360.9924742344,0.229720891870511,18074.9195267794
"437",2,2011,2011.12237442922,695.886499510246,0.220541274754023,13221.7303657474,0.209743783311156,18191.6719268438
"438",3,2011,2011.20319634703,1641.92036605476,0.161066992911978,21108.7538217192,0.159875070806685,14253.8194023105
"439",4,2011,2011.28675799087,1521.55854487693,0.108097789522079,14348.1879328547,0.107553004329775,7252.43492450079
"440",5,2011,2011.3703196347,1007.53166273068,0.0776211213196435,6747.36620970344,0.070421340450362,3725.56764467856
"441",6,2011,2011.45388127854,1147.02105690722,0.0543800027564364,5376.09584739986,0.0522286776904492,2341.21685026379
"442",7,2011,2011.53744292237,612.557328220485,0.0492887247389217,2616.24225784194,0.0479556167218556,2072.32323159509
"443",8,2011,2011.62237442922,486.775723544134,0.0551646767320203,2334.56756993356,0.0535921102994168,2167.77724428786
"444",9,2011,2011.70593607306,595.975226572763,0.0760708809974671,3918.49846376158,0.0697576285421753,2670.34238147775
"445",10,2011,2011.7894977169,499.929355405713,0.105485353297463,4493.82622253157,0.0934972201230178,2762.11383229679
"446",11,2011,2011.87305936073,359.907117345889,0.145883553134545,4593.76780944284,0.141437836468397,5195.48841397534
"447",12,2011,2011.95662100457,410.046204351589,0.202521055057242,7175.56357100551,0.20560758805487,12735.0818435405
"448",1,2012,2012.04143897996,424.844040195866,0.223791531323545,8464.10477093508,0.232852294170389,18090.7150478785
"449",2,2012,2012.12340619308,374.563526449125,0.202056820293846,6589.7379063789,0.208291732754573,17867.624190869
"450",3,2012,2012.20537340619,555.311626222904,0.153945805519374,7420.92341155196,0.155087111395046,13704.2801971748
"451",4,2012,2012.28870673953,726.893446283948,0.11281763669225,7118.84536928225,0.103197577678332,6923.40204664309
"452",5,2012,2012.37204007286,397.632464282224,0.0694910398155627,2531.7828328124,0.0672737202653892,3540.23637384702
"453",6,2012,2012.45537340619,382.296303874723,0.0508165227959555,1671.0949557254,0.0501606070110673,2236.37932002942
"454",7,2012,2012.53870673953,574.375257955623,0.0481944162486066,2392.76591282135,0.0464222142060542,2002.18058163989
"455",8,2012,2012.62340619308,506.232137339387,0.0531364138481372,2311.22973734852,0.0518842913523855,2094.62673341538
"456",9,2012,2012.70673952641,434.663591759197,0.0686200209728768,2562.69466932643,0.0675874959089241,2579.83760485141
"457",10,2012,2012.79007285974,324.273563254208,0.0935474502027092,2601.35499475862,0.0923781004840861,2718.07685922153
"458",11,2012,2012.87340619308,337.263079199737,0.143238976540534,4308.01683748416,0.142117406365305,5179.65651234622
"459",12,2012,2012.95673952641,1302.48358829345,0.22401545621956,25102.9892239201,0.207621591122938,12653.5186048253
"460",1,2013,2013.04155251142,671.657326931886,0.251231368798744,14627.3662801287,0.233879632427426,17842.3310865354
"461",2,2013,2013.12237442922,449.631067696927,0.214060325572237,8396.57764407231,0.206949019888508,17431.9379000998
"462",3,2013,2013.20319634703,380.450532663036,0.154441818650868,5087.41937893028,0.15314555431015,13407.7820812313
"463",4,2013,2013.28675799087,351.062822330072,0.100464926515166,3209.57764904241,0.101893080514735,6794.06590502941
"464",5,2013,2013.3703196347,322.181770409554,0.0672628520168293,1863.60540219747,0.0668932522100482,3498.25737787053
"465",6,2013,2013.45388127854,373.876761554437,0.0507882100062118,1634.54940853782,0.0501098354385223,2223.69597976009
"466",7,2013,2013.53744292237,495.179432789032,0.0469904648417126,2010.69736729496,0.0459942090416572,1979.5012368737
"467",8,2013,2013.62237442922,498.559185420132,0.052209083400744,2253.82011452505,0.0507197188534904,2044.01391135521
"468",9,2013,2013.70593607306,381.711089049771,0.0648932762085646,2118.13711906127,0.0660025152028651,2513.05066870793
"469",10,2013,2013.7894977169,225.822282556917,0.0840099644384151,1629.74487761421,0.0922266531985475,2705.16065944407
"470",11,2013,2013.87305936073,248.716300604883,0.133128673006524,2855.78281729667,0.144373779772206,5227.62930607774
"471",12,2013,2013.95662100457,232.335157221712,0.178204971195208,3579.1037322512,0.211694138153493,12768.824327804
"472",1,2014,2014.04155251142,179.218234114016,0.170834052562504,2676.56674276306,0.23777860248843,18018.3251418284
"473",2,2014,2014.12237442922,304.031911564838,0.184492872176061,5150.3997666,0.208908475260108,17582.6754300723
"474",3,2014,2014.20319634703,418.376837863923,0.151529261242905,5939.21387471627,0.15353411014077,13487.1438980688
"475",4,2014,2014.28675799087,272.880009506154,0.0924445109499712,2369.85134298239,0.101727227265143,6806.11985155173
"476",5,2014,2014.3703196347,162.812732153324,0.0507389928127778,714.202382527262,0.0669637820742272,3506.11961933869
"477",6,2014,2014.45388127854,252.019932681228,0.0462876840167677,1006.23061840432,0.0501827755290862,2226.47661174583
"478",7,2014,2014.53744292237,258.934723875128,0.0411418998755935,920.740562393918,0.0457761836201589,1968.85687006138
"479",8,2014,2014.62237442922,241.926347120781,0.0436220637076077,913.257020689078,0.0501945630492193,2021.92847476793
"480",9,2014,2014.70593607306,233.736688875852,0.0569008710879127,1143.37105901171,0.065638817003392,2497.46161604393
"481",10,2014,2014.7894977169,179.090351582028,0.0779763586772311,1208.13009157497,0.0930213757784559,2727.03391213746
"482",11,2014,2014.87305936073,215.113642914052,0.128857972499753,2404.34588316007,0.147222221763417,5321.14024073877
"483",12,2014,2014.95662100457,936.328495813314,0.228221822938021,18832.1710261361,0.216662467203009,13020.5752259001
"484",1,2015,2015.04155251142,303.931106201613,0.223814604501168,5941.78688635122,0.243034007330694,18385.3029052956
"485",2,2015,2015.12237442922,506.00181828943,0.213246528622795,9670.15719226832,0.212651434077737,17922.6118885916
"486",3,2015,2015.20319634703,225.767475757493,0.130815849434406,2624.88902347541,0.155420407895394,13697.3542570881
"487",4,2015,2015.28675799087,179.566561772573,0.0789412722822514,1239.85936286645,0.102283869128057,6866.54558123696
"488",5,2015,2015.3703196347,207.288449885289,0.0577672890737273,1033.8813749168,0.0670850389796119,3520.51192921953
"489",6,2015,2015.45388127854,194.989804094712,0.0417239840954794,704.164518443029,0.0501302565235573,2226.06167339731
"490",7,2015,2015.53744292237,223.310304250018,0.0387069326464316,748.562781470862,0.0455755338722205,1960.0605657887
"491",8,2015,2015.62237442922,220.295930281739,0.0418087860576987,800.184700645254,0.0499690270346332,2012.72351768227
"492",9,2015,2015.70593607306,223.863548441974,0.0561253145701565,1082.46934284469,0.0657928348943162,2502.98919713894
"493",10,2015,2015.7894977169,198.3549415793,0.0819526339536552,1398.05128078846,0.0941846220537833,2761.5959754085
"494",11,2015,2015.87305936073,173.355733469043,0.118794336703297,1779.75855547301,0.150297628877405,5430.26523200301
"495",12,2015,2015.95662100457,298.523501991853,0.200148606236083,5462.58035614471,0.22208428809082,13323.2712124796
"496",1,2016,2016.04143897996,776.000338567177,0.253091583857136,17471.8565184377,0.249055353970507,18823.3025132018
"497",2,2016,2016.12340619308,599.34070003773,0.229702568824741,12115.7994884897,0.216431327851924,18292.2232027532
"498",3,2016,2016.20537340619,1523.17230063773,0.15378530871087,19405.3173734691,0.156281103714808,13794.4336676254
"499",4,2016,2016.28870673953,550.385103919192,0.108178175781549,5312.38300891765,0.102119054245801,6868.21717849763
"500",5,2016,2016.37204007286,377.436158694758,0.0689398504740875,2237.399610492,0.0666840956934465,3505.04071003047
"501",6,2016,2016.45537340619,391.905153742495,0.050975317881781,1718.21558243732,0.0497717848449875,2211.68821657079
"502",7,2016,2016.53870673953,522.217453837834,0.046614373211597,2103.19198050622,0.0453522881706876,1950.56937619124
"503",8,2016,2016.62340619308,533.818226382421,0.0518166561776978,2385.99565034274,0.0499756428348017,2013.01540318854
"504",9,2016,2016.70673952641,470.909155111104,0.0684464109301695,2756.62498329592,0.0663691184389978,2524.85360313725
"505",10,2016,2016.79007285974,329.434536866564,0.0978402591322172,2791.05628676456,0.0958320964960661,2810.7380166364
"506",11,2016,2016.87340619308,426.357316824385,0.164513654426306,6209.48568314063,0.153750692350531,5552.50264977243
"507",12,2016,2016.95673952641,1130.57292743587,0.233882294805901,22848.0672137314,0.227669116275448,13635.0203697908
"508",1,2017,2017.04155251142,1911.38712988572,0.245292213959531,39721.0691755015,0.255157366633546,19262.2543574152
"509",2,2017,2017.12237442922,2325.01535005676,0.199273104429156,39860.290658256,0.221998823123382,18724.549319132
"510",3,2017,2017.20319634703,1890.7432354363,0.154013475165056,25142.0305906714,0.160542102364755,14184.476886688
"511",4,2017,2017.28675799087,1906.76204497884,0.098978880205495,15994.4254941632,0.104054777645022,7009.81239987465
"512",5,2017,2017.3703196347,1368.98250492699,0.0690736637163614,8261.28994646833,0.0672920640512918,3543.65783765066
"513",6,2017,2017.45388127854,740.957479980391,0.0525523781578005,3430.99413146444,0.0498093674837966,2215.84471025313
"514",7,2017,2017.53744292237,424.75269553016,0.0451821591904172,1661.42091760161,0.0451234383410731,1940.82000449557
"515",8,2017,2017.62237442922,565.788859379315,0.0518788292485371,2544.20054324868,0.0497513026846723,2003.91848462562
"516",9,2017,2017.70593607306,602.204932773872,0.0711430081793216,3695.47008470683,0.0665288136253053,2530.58878971374
"517",10,2017,2017.7894977169,377.070780031936,0.101497169337396,3246.6432590677,0.0969017968200294,2842.36854595727
"518",11,2017,2017.87305936073,386.996900371924,0.165788790272489,5682.27579366743,0.156589547696025,5650.46938564594
"519",12,2017,2017.95662100457,408.493345034597,0.239088897884282,8410.71731202185,0.232722215526243,13908.2460279561
"520",1,2018,2018.04155251142,514.818535915695,0.27455912043617,12282.7166219611,0.260856278031278,19665.6479050092
"521",2,2018,2018.12237442922,383.187610324709,0.229228479022497,7689.09631115078,0.226472752564326,19104.4888952456
"522",3,2018,2018.20319634703,752.040632752647,0.169034829016145,10463.6103305535,0.163004858840113,14414.9257704453
"523",4,2018,2018.28675799087,1005.81438301542,0.108359593358991,9633.15542738311,0.104865852914329,7074.78593698301
"524",5,2018,2018.3703196347,306.899807837039,0.0664489317196451,1766.51000567274,0.0672948918687789,3550.19967576539
"525",6,2018,2018.45388127854,341.595556694144,0.0497089201854839,1468.10388608026,0.0495640053485596,2207.17494058025
"526",7,2018,2018.53744292237,434.252540763523,0.0450448081171764,1692.7413402548,0.0448511810608456,1929.23445670046
"527",8,2018,2018.62237442922,523.222245160593,0.0513645366832668,2317.53876813372,0.049627535465547,1998.82747277585
"528",9,2018,2018.70593607306,477.893977215378,0.0695025034899269,2853.09004391493,0.0668809340730617,2543.5177192001
"529",10,2018,2018.7894977169,316.317442871267,0.0984443763644149,2649.26559343451,0.0981963615294844,2880.5730984102
"530",11,2018,2018.87305936073,272.143771500569,0.151276278645732,3692.05162540371,0.15940568452883,5745.73191840176
"531",12,2018,2018.95662100457,427.401690835617,0.242927205627367,9116.19623206374,0.23728358130796,14150.8494311599
"532",1,2019,2019.04155251142,894.172932590267,0.27789084738626,21476.838080539,0.265949105306654,20029.8658774757
"533",2,2019,2019.12237442922,1565.82047259368,0.231205006163374,30391.6435025267,0.230536379153312,19463.8255831682
"534",3,2019,2019.20319634703,1979.98697383048,0.156509250830581,27008.5462222205,0.165254747216288,14637.8445441641
"535",4,2019,2019.28264840183,1861.15094688351,0.104003422636738,16822.2580411819,0.107964244332595,7414.07533072339
