"","Date","ConcLow","ConcHigh","Uncen","ConcAve","Julian","Month","Day","DecYear","MonthSeq","waterYear","SinDY","CosDY"
"1",1974-10-09,0.05,0.05,1,0.05,45571,10,283,1974.7703196347,1498,1975,-0.991860990954022,0.127325467302131
"2",1974-11-19,0.11,0.11,1,0.11,45612,11,324,1974.88264840183,1499,1975,-0.672322562249619,0.740258314570061
"3",1974-12-11,0.11,0.11,1,0.11,45634,12,346,1974.94292237443,1500,1975,-0.350991067431551,0.936378807205322
"4",1975-01-15,0.1,0.1,1,0.1,45669,1,15,1975.03881278539,1501,1975,0.24145789932465,0.970411295716268
"5",1975-02-12,0.21,0.21,1,0.21,45697,2,43,1975.11552511416,1502,1975,0.663783169945574,0.747925065295318
"6",1975-03-12,0.1,0.1,1,0.1,45725,3,72,1975.19223744292,1503,1975,0.934859632590342,0.355017559217921
"7",1975-04-16,0.12,0.12,1,0.12,45760,4,107,1975.28812785388,1504,1975,0.971441432768252,-0.237279461186944
"8",1975-05-13,0.05,0.05,1,0.05,45787,5,134,1975.36210045662,1505,1975,0.76203394548498,-0.647537076875598
"9",1975-06-11,0.04,0.04,1,0.04,45816,6,163,1975.44155251142,1506,1975,0.359037475891782,-0.93332314388172
"10",1975-07-16,0.06,0.06,1,0.06,45851,7,198,1975.53744292237,1507,1975,-0.233096628508424,-0.972453578212351
"11",1975-08-18,0.06,0.06,1,0.06,45884,8,231,1975.62785388128,1508,1975,-0.71967188454608,-0.69431432261901
"12",1975-09-17,0.08,0.08,1,0.08,45914,9,261,1975.7100456621,1509,1975,-0.968654471247604,-0.248411987094072
"13",1975-10-15,0.1,0.1,1,0.1,45942,10,289,1975.78675799087,1510,1976,-0.973447713303517,0.228909478755587
"14",1975-11-17,0.08,0.08,1,0.08,45975,11,322,1975.87716894977,1511,1976,-0.697405028600822,0.716677211917811
"15",1975-12-15,0.11,0.11,1,0.11,46003,12,350,1975.95388127854,1512,1976,-0.285734191418718,0.958308912540362
"16",1976-01-14,0.13,0.13,1,0.13,46033,1,14,1976.03597449909,1513,1976,0.224114612604499,0.974562794496658
"17",1976-02-17,0.14,0.14,1,0.14,46067,2,48,1976.12887067395,1514,1976,0.724092931241829,0.689702419109587
"18",1976-03-16,0.15,0.15,1,0.15,46095,3,76,1976.20537340619,1515,1976,0.960945605517904,0.276737318112012
"19",1976-04-12,0.2,0.2,1,0.2,46122,4,103,1976.279143898,1516,1976,0.983280968075517,-0.18209485940156
"20",1976-05-20,0.07,0.07,1,0.07,46160,5,141,1976.38296903461,1517,1976,0.670829878080644,-0.741611269247109
"21",1976-06-15,0.09,0.09,1,0.09,46186,6,167,1976.45400728597,1518,1976,0.28497538188064,-0.958534835945978
"22",1976-07-14,0.05,0.05,1,0.05,46215,7,196,1976.53324225865,1519,1976,-0.207351922504462,-0.978266415775224
"23",1976-08-11,0.14,0.14,1,0.14,46243,8,224,1976.60974499089,1520,1976,-0.636188602207388,-0.7715335782851
"24",1976-09-15,0.15,0.15,1,0.15,46278,9,259,1976.70537340619,1521,1976,-0.960945605517995,-0.276737318111694
"25",1976-10-13,0.09,0.09,1,0.09,46306,10,287,1976.78187613843,1522,1977,-0.980010178965265,0.198947352645036
"26",1976-11-16,0.3,0.3,1,0.3,46340,11,321,1976.8747723133,1523,1977,-0.708117642624576,0.706094472577015
"27",1976-12-14,0.12,0.12,1,0.12,46368,12,349,1976.95127504554,1524,1977,-0.301387915178118,0.953501612261137
"28",1977-01-18,0.15,0.15,1,0.15,46403,1,18,1977.04703196347,1525,1977,0.291228299741418,0.956653582771592
"29",1977-02-16,0.15,0.15,1,0.15,46432,2,47,1977.12648401826,1526,1977,0.713669266048636,0.700482818274368
"30",1977-03-15,0.05,0.05,1,0.05,46459,3,75,1977.200456621,1527,1977,0.951939181221046,0.306287112455297
"31",1977-04-11,0.03,0.03,1,0.03,46486,4,102,1977.27442922374,1528,1977,0.988243007648329,-0.152891326876921
"32",1977-05-10,0.12,0.12,1,0.12,46515,5,131,1977.35388127854,1529,1977,0.794443662663048,-0.607337852314937
"33",1977-06-15,0.03,0.03,1,0.03,46551,6,167,1977.45251141553,1530,1977,0.293971769400784,-0.955814102634698
"34",1977-07-12,0.03,0.03,1,0.03,46578,7,194,1977.52648401826,1531,1977,-0.165637094532196,-0.986186773849118
"35",1977-08-10,0.05,0.05,1,0.05,46607,8,223,1977.60593607306,1532,1977,-0.617543738860828,-0.786536541168806
"36",1977-10-18,0.07,0.07,1,0.07,46676,10,292,1977.79497716895,1534,1978,-0.960333697550331,0.278853347387671
"37",1977-11-15,0.16,0.16,1,0.16,46704,11,320,1977.87168949772,1535,1978,-0.721660931544701,0.692246704493445
"38",1977-12-13,0.3,0.3,1,0.3,46732,12,348,1977.94840182648,1536,1978,-0.318551402750934,0.947905588023096
"39",1978-01-11,0.44,0.44,1,0.44,46761,1,11,1978.02785388128,1537,1978,0.174119065681934,0.984724606662213
"40",1978-03-15,0.19,0.19,1,0.19,46824,3,75,1978.200456621,1539,1978,0.951939181221249,0.306287112454668
"41",1978-04-13,0.17,0.17,1,0.17,46853,4,104,1978.2799086758,1540,1978,0.98239460969861,-0.186817640588667
"42",1978-05-05,0.14,0.14,1,0.14,46875,5,126,1978.3401826484,1541,1978,0.843712447439779,-0.536795404260485
"43",1978-06-06,0.21,0.21,1,0.21,46907,6,158,1978.42785388128,1542,1978,0.437941318185908,-0.899003560518861
"44",1978-07-07,0.15,0.15,1,0.15,46938,7,189,1978.51278538813,1543,1978,-0.0802465874518094,-0.996775042425491
"45",1978-08-17,0.09,0.09,1,0.09,46979,8,230,1978.62511415525,1544,1978,-0.707613777671856,-0.706599420923175
"46",1978-09-27,0.09,0.09,1,0.09,47020,9,271,1978.73744292237,1545,1978,-0.99688913189394,-0.0788166144397708
"47",1978-10-18,0.13,0.13,1,0.13,47041,10,292,1978.79497716895,1546,1979,-0.960333697550147,0.278853347388305
"48",1978-11-14,0.15,0.15,1,0.15,47068,11,319,1978.86894977169,1547,1979,-0.733469898761465,0.679721934036887
"49",1978-12-13,0.12,0.12,1,0.12,47097,12,348,1978.94840182648,1548,1979,-0.318551402750308,0.947905588023307
"50",1979-01-24,0.36,0.36,1,0.36,47139,1,24,1979.06347031963,1549,1979,0.388308899938107,0.921529271498663
"51",1979-02-12,0.25,0.25,1,0.25,47158,2,43,1979.11552511416,1550,1979,0.663783169944829,0.747925065295979
"52",1979-04-09,0.4,0.4,1,0.4,47214,4,100,1979.26894977169,1552,1979,0.992920141447325,-0.118783806590901
"53",1979-05-15,0.15,0.15,1,0.15,47250,5,136,1979.36757990868,1553,1979,0.739293094960372,-0.673383783398378
"54",1979-06-12,0.15,0.15,1,0.15,47278,6,164,1979.44429223744,1554,1979,0.342918656931289,-0.939365101932386
"55",1979-07-26,0.06,0.06,1,0.06,47322,7,208,1979.56484018265,1555,1979,-0.396226116205835,-0.918152963746477
"56",1979-08-23,0.05,0.05,1,0.05,47350,8,236,1979.64155251142,1556,1979,-0.776694376129657,-0.629877643744055
"57",1979-09-13,0.09,0.09,1,0.09,47371,9,257,1979.69908675799,1557,1979,-0.949267708328643,-0.314469104880728
"58",1979-10-17,0.12,0.12,1,0.12,47405,10,291,1979.79223744292,1558,1980,-0.964991415733932,0.262281466291123
"59",1979-11-27,0.21,0.21,1,0.21,47446,11,332,1979.90456621005,1559,1980,-0.564335563737908,0.825545499352166
"60",1979-12-18,0.04,0.04,1,0.04,47467,12,353,1979.96210045662,1560,1980,-0.235885668086349,0.971780814582927
"61",1980-01-17,0.13,0.13,1,0.13,47497,1,17,1980.0441712204,1561,1980,0.273986735878709,0.9617334706469
"62",1980-02-27,0.23,0.23,1,0.23,47538,2,58,1980.15619307832,1562,1980,0.831270859747261,0.55586757212042
"63",1980-03-19,0.18,0.18,1,0.18,47559,3,79,1980.2135701275,1563,1980,0.97391757055427,0.226902106128764
"64",1980-04-29,0.13,0.13,1,0.13,47600,4,120,1980.32559198543,1564,1980,0.889311722270737,-0.457301498610987
"65",1980-06-23,0.11,0.11,1,0.11,47655,6,175,1980.47586520947,1566,1980,0.151062838017209,-0.988524162056844
"66",1980-07-16,0.06,0.06,1,0.06,47678,7,198,1980.53870673953,1567,1980,-0.240811255099199,-0.970571965089425
"67",1980-08-20,0.04,0.04,1,0.04,47713,8,233,1980.63433515483,1568,1980,-0.747342004780809,-0.664439559245385
"68",1980-09-17,0.09,0.09,1,0.09,47741,9,261,1980.71083788707,1569,1980,-0.969878985189157,-0.24358726175326
"69",1980-10-22,0.15,0.15,1,0.15,47776,10,296,1980.80646630237,1570,1981,-0.937720073049471,0.34739180272438
"70",1980-11-25,0.19,0.19,1,0.19,47810,11,330,1980.89936247723,1571,1981,-0.591021186093772,0.806656034247752
"71",1980-12-18,0.24,0.24,1,0.24,47833,12,353,1980.96220400729,1572,1981,-0.235253350380592,0.971934082710709
"72",1981-01-14,0.23,0.23,1,0.23,47860,1,14,1981.03607305936,1573,1981,0.22471808947987,0.974423819629075
"73",1981-03-27,0.14,0.14,1,0.14,47932,3,87,1981.23333333333,1575,1981,0.994521895368263,0.104528463267753
"74",1981-07-23,0.11,0.11,1,0.11,48050,7,205,1981.55662100457,1579,1981,-0.348303123553169,-0.937381957434165
"75",1981-08-27,0.08,0.08,1,0.08,48085,8,240,1981.65251141553,1580,1981,-0.81819095806614,-0.574946568072905
"76",1981-09-23,0.1,0.1,1,0.1,48112,9,267,1981.72648401826,1581,1981,-0.98910403466235,-0.147218234654073
"77",1981-11-30,0.21,0.21,1,0.21,48180,11,335,1981.91278538813,1583,1982,-0.520968816803297,0.853575709541088
"78",1982-01-12,0.33,0.33,1,0.33,48223,1,12,1982.03059360731,1585,1982,0.191043683431548,0.981581535594933
"79",1982-04-01,0.16,0.16,1,0.16,48302,4,92,1982.24703196347,1588,1982,0.999826117595056,0.0186476426069439
"80",1982-05-19,0.1,0.1,1,0.1,48350,5,140,1982.37853881279,1589,1982,0.691210757568899,-0.722653228472017
"81",1982-07-21,0.12,0.12,1,0.12,48413,7,203,1982.55114155251,1591,1982,-0.315830521697585,-0.948815620425924
"82",1982-09-29,0.12,0.12,1,0.12,48483,9,273,1982.74292237443,1593,1982,-0.999011371023492,-0.044455377242395
"83",1982-12-20,0.16,0.16,1,0.16,48565,12,355,1982.96757990868,1596,1983,-0.202295620631613,0.979324502845339
"84",1983-03-09,0.1,0.1,1,0.1,48644,3,69,1983.18401826484,1599,1983,0.915287404690578,0.402801398724962
"85",1983-06-08,0.1,0.1,1,0.1,48735,6,160,1983.43333333333,1602,1983,0.406736643075561,-0.913545457642707
"86",1983-09-21,0.12,0.12,1,0.12,48840,9,265,1983.72100456621,1605,1983,-0.983450403446217,-0.1811775481716
"87",1984-02-09,0.26,0.26,1,0.26,48981,2,40,1984.10701275046,1610,1984,0.622850458535489,0.782340914373095
"88",1984-03-06,0.13,0.13,1,0.13,49007,3,66,1984.17805100182,1611,1984,0.899545280833658,0.436827526296015
"89",1984-06-13,0.1,0.1,1,0.1,49106,6,165,1984.4485428051,1614,1984,0.317711628074443,-0.948187387274418
"90",1984-08-30,0.1,0.1,1,0.1,49184,8,243,1984.6616575592,1616,1984,-0.849862537124406,-0.527004428816749
"91",1984-12-19,0.15,0.15,1,0.15,49295,12,354,1984.96493624772,1620,1985,-0.218534144294203,0.975829302581963
"92",1985-03-20,0.15,0.15,1,0.15,49386,3,80,1985.21415525114,1623,1985,0.974745178877208,0.22332003102194
"93",1985-06-12,0.1,0.1,1,0.1,49470,6,164,1985.44429223744,1626,1985,0.342918656932692,-0.939365101931873
"94",1985-10-22,0.12,0.12,1,0.12,49602,10,296,1985.80593607306,1630,1986,-0.938872212860448,0.344265839023457
"95",1985-12-18,0.22,0.22,1,0.22,49659,12,353,1985.96210045662,1632,1986,-0.235885668086033,0.971780814583004
"96",1986-03-20,0.11,0.11,1,0.11,49751,3,80,1986.21415525114,1635,1986,0.974745178877355,0.223320031021296
"97",1986-06-10,0.13,0.13,1,0.13,49833,6,162,1986.43881278539,1638,1986,0.375049904300437,-0.927004622040383
"98",1986-09-03,0.1,0.1,1,0.1,49918,9,247,1986.67168949772,1641,1986,-0.881371231215929,-0.472424335513019
"99",1986-10-20,0.11,0.11,1,0.11,49965,10,294,1986.800456621,1642,1987,-0.950166022887847,0.311744332666195
"100",1986-11-04,0.18,0.18,1,0.18,49980,11,309,1986.84155251142,1643,1987,-0.839060999210918,0.54403735129417
"101",1986-11-17,0.12,0.12,1,0.12,49993,11,322,1986.87716894977,1643,1987,-0.697405028600829,0.716677211917804
"102",1986-12-09,0.18,0.18,1,0.18,50015,12,344,1986.93744292237,1644,1987,-0.383014738017548,0.923742231610826
"103",1986-12-23,0.15,0.15,1,0.15,50029,12,358,1986.97579908676,1644,1987,-0.151473518466483,0.98846131598732
"104",1987-01-09,0.19,0.19,1,0.19,50046,1,9,1987.02237442922,1645,1987,0.140120074885055,0.990134518443937
"105",1987-01-28,0.21,0.21,1,0.21,50065,1,28,1987.07442922374,1645,1987,0.45079217664711,0.89262893380943
"106",1987-02-09,0.23,0.23,1,0.23,50077,2,40,1987.10730593607,1646,1987,0.624290582057989,0.781192210120978
"107",1987-02-23,0.23,0.23,1,0.23,50091,2,54,1987.14566210046,1646,1987,0.792697922197949,0.609614635768413
"108",1987-03-12,0.23,0.23,1,0.23,50108,3,72,1987.19223744292,1647,1987,0.934859632589928,0.355017559219013
"109",1987-04-01,0.17,0.17,1,0.17,50128,4,92,1987.24703196347,1648,1987,0.99982611759505,0.018647642607279
"110",1987-04-20,0.11,0.11,1,0.11,50147,4,111,1987.29908675799,1648,1987,0.952814010399762,-0.303554709378594
"111",1987-05-04,0.11,0.11,1,0.11,50161,5,125,1987.33744292237,1649,1987,0.852827492812898,-0.522192749377533
"112",1987-05-26,0.12,0.12,1,0.12,50183,5,147,1987.39771689498,1649,1987,0.599329864791326,-0.800502163125879
"113",1987-06-10,0.1,0.1,1,0.1,50198,6,162,1987.43881278539,1650,1987,0.375049904299825,-0.92700462204063
"114",1987-06-22,0.11,0.11,1,0.11,50210,6,174,1987.47168949772,1650,1987,0.176943553947368,-0.984221000952771
"115",1987-07-07,0.1,0.1,1,0.1,50225,7,189,1987.51278538813,1651,1987,-0.0802465874522959,-0.996775042425452
"116",1987-07-24,0.36,0.36,1,0.36,50242,7,206,1987.55936073059,1651,1987,-0.364387008173809,-0.931247608466266
"117",1987-08-03,0.1,0.1,1,0.1,50252,8,216,1987.58675799087,1652,1987,-0.518517737959823,-0.855066871900104
"118",1987-08-20,0.1,0.1,1,0.1,50269,8,233,1987.63333333333,1652,1987,-0.743144825477478,-0.669130606358765
"119",1987-09-01,0.1,0.1,1,0.1,50281,9,245,1987.66621004566,1653,1987,-0.864587324278359,-0.502482595417182
"120",1987-09-15,0.1,0.1,1,0.1,50295,9,259,1987.70456621005,1653,1987,-0.959529706382416,-0.28160742633971
"121",1987-10-01,0.1,0.1,1,0.1,50311,10,275,1987.74840182648,1654,1988,-0.999949583353975,-0.0100414515988347
"122",1987-10-14,0.1,0.1,1,0.1,50324,10,288,1987.78401826484,1654,1988,-0.977243786905381,0.21211926115945
"123",1987-11-12,0.11,0.11,1,0.11,50353,11,317,1987.86347031963,1655,1988,-0.756432369467857,0.65407191532831
"124",1987-11-24,0.2,0.2,1,0.2,50365,11,329,1987.89634703196,1655,1988,-0.60619758471175,0.795314081536119
"125",1987-12-09,0.35,0.35,1,0.35,50380,12,344,1987.93744292237,1656,1988,-0.383014738016937,0.923742231611079
"126",1987-12-22,0.3,0.3,1,0.3,50393,12,357,1987.97305936073,1656,1988,-0.168465812708862,0.98570749715539
"127",1988-01-13,0.26,0.26,1,0.26,50415,1,13,1988.03324225865,1657,1988,0.207351922504775,0.978266415775158
"128",1988-02-02,0.29,0.29,1,0.29,50435,2,33,1988.0878870674,1658,1988,0.524570652128741,0.851366919092601
"129",1988-02-16,0.2,0.2,1,0.2,50449,2,47,1988.12613843352,1658,1988,0.712146575327424,0.702030807906193
"130",1988-03-08,0.15,0.15,1,0.15,50470,3,68,1988.1835154827,1659,1988,0.914010360466702,0.405690844066672
"131",1988-03-29,0.12,0.12,1,0.12,50491,3,89,1988.24089253188,1659,1988,0.998363158804352,0.0571926843415833
"132",1988-04-12,0.1,0.1,1,0.1,50505,4,103,1988.279143898,1660,1988,0.983280968075399,-0.1820948594022
"133",1988-04-26,0.21,0.21,1,0.21,50519,4,117,1988.31739526412,1660,1988,0.911673886565403,-0.410914497863889
"134",1988-05-10,0.13,0.13,1,0.13,50533,5,131,1988.35564663024,1661,1988,0.787658319038535,-0.61611230506247
"135",1988-06-07,0.15,0.15,1,0.15,50561,6,159,1988.43214936248,1662,1988,0.413521289560307,-0.910494449780107
"136",1988-06-20,0.1,0.1,1,0.1,50574,6,172,1988.46766848816,1662,1988,0.201750535194524,-0.979436941078252
"137",1988-07-06,0.1,0.1,1,0.1,50590,7,188,1988.51138433515,1663,1988,-0.0714689055726011,-0.997442828204331
"138",1988-07-26,0.1,0.1,1,0.1,50610,7,208,1988.5660291439,1663,1988,-0.403074024727873,-0.915167378455807
"139",1988-08-10,0.1,0.1,1,0.1,50625,8,223,1988.60701275046,1664,1988,-0.622850458534969,-0.78234091437351
"140",1988-09-07,0.1,0.1,1,0.1,50653,9,251,1988.6835154827,1665,1988,-0.914010360466836,-0.40569084406637
"141",1988-09-13,0.1,0.1,1,0.1,50659,9,257,1988.69990892532,1665,1988,-0.950879528983148,-0.309561175473906
"142",1988-12-20,0.2101,0.2101,1,0.2101,50757,12,355,1988.96766848816,1668,1989,-0.2017505351942,0.979436941078319
"143",1989-03-15,0.16,0.16,1,0.16,50842,3,75,1989.200456621,1671,1989,0.951939181221246,0.306287112454677
"144",1989-06-28,0.11,0.11,1,0.11,50947,6,180,1989.48812785388,1674,1989,0.0745257340212961,-0.997219090756182
"145",1989-09-27,0.18,0.18,1,0.18,51038,9,271,1989.73744292237,1677,1989,-0.996889131893939,-0.0788166144397806
"146",1989-11-15,0.12,0.12,1,0.12,51087,11,320,1989.87168949772,1679,1990,-0.72166093154425,0.692246704493914
"147",1989-12-19,0.13,0.13,1,0.13,51121,12,354,1989.96484018265,1680,1990,-0.219123109812078,0.975697218785769
"148",1990-01-10,0.2,0.2,1,0.2,51143,1,10,1990.02511415525,1681,1990,0.157142852693235,0.987575882576844
"149",1990-02-15,0.2,0.2,1,0.2,51179,2,46,1990.12374429224,1682,1990,0.701505868013983,0.71266367743975
"150",1990-04-10,0.2,0.2,1,0.2,51233,4,101,1990.27168949772,1684,1990,0.990728361645356,-0.135857695518172
"151",1990-06-12,0.1,0.1,1,0.1,51296,6,164,1990.44429223744,1686,1990,0.342918656931298,-0.939365101932382
"152",1990-09-11,0.1,0.1,1,0.1,51387,9,255,1990.69360730594,1689,1990,-0.937880639590623,-0.346958075105746
"153",1990-12-12,0.1,0.1,1,0.1,51479,12,347,1990.94566210046,1692,1991,-0.334820842411604,0.942281806832109
"154",1991-03-11,0.4495,0.4495,1,0.4495,51568,3,71,1991.18949771689,1695,1991,0.928610079359601,0.371057031346605
"155",1991-06-11,0.1,0.1,1,0.1,51660,6,163,1991.44155251142,1698,1991,0.359037475892104,-0.933323143881596
"156",1991-09-10,0.074,0.074,1,0.074,51751,9,254,1991.69086757991,1701,1991,-0.931769369535911,-0.363050743002476
"157",1991-12-18,0.13,0.13,1,0.13,51850,12,353,1991.96210045662,1704,1992,-0.235885668085716,0.97178081458308
"158",1992-03-16,0.26,0.26,1,0.26,51939,3,76,1992.20537340619,1707,1992,0.960945605517808,0.276737318112343
"159",1992-06-16,0.078,0.078,1,0.078,52031,6,168,1992.45673952641,1710,1992,0.268478865028374,-0.963285575015569
"160",1992-09-16,0.079,0.079,1,0.079,52123,9,260,1992.70810564663,1713,1992,-0.965554572035955,-0.260200631091594
"161",1992-12-16,0.4495,0.4495,1,0.4495,52214,12,351,1992.95673952641,1716,1993,-0.268478865028056,0.963285575015658
"162",1993-03-16,0.25,0.25,1,0.25,52304,3,76,1993.20319634703,1719,1993,0.957070370311377,0.289855664550556
"163",1993-06-24,0.095,0.095,1,0.095,52404,6,176,1993.47716894977,1722,1993,0.142960224280169,-0.989728434609092
"164",1993-09-15,0.14,0.14,1,0.14,52487,9,259,1993.70456621005,1725,1993,-0.959529706381995,-0.281607426341144
"165",1993-12-15,0.27,0.27,1,0.27,52578,12,350,1993.95388127854,1728,1994,-0.285734191419525,0.958308912540121
"166",1994-03-15,0.17,0.17,1,0.17,52668,3,75,1994.200456621,1731,1994,0.951939181221143,0.306287112454996
"167",1994-06-14,0.05,0.05,1,0.05,52759,6,166,1994.4497716895,1734,1994,0.310380982877258,-0.950612247695214
"168",1994-09-14,0.052,0.052,1,0.052,52851,9,258,1994.70182648402,1737,1994,-0.954540132776529,-0.298082429738767
"169",1994-12-13,0.33,0.33,1,0.33,52941,12,348,1994.94840182648,1740,1995,-0.318551402750635,0.947905588023197
"170",1995-03-16,0.11,0.11,1,0.11,53034,3,76,1995.20319634703,1743,1995,0.95707037031176,0.289855664549292
"171",1995-06-14,0.08,0.08,1,0.08,53124,6,166,1995.4497716895,1746,1995,0.31038098287836,-0.950612247694855
"172",1995-09-13,0.09,0.09,1,0.09,53215,9,257,1995.69908675799,1749,1995,-0.949267708328535,-0.314469104881055
"173",1996-02-20,0.11,0.11,1,0.11,53375,2,51,1996.13706739526,1754,1996,0.758637870797484,0.651512533257695
"174",1996-03-22,0.13,0.13,1,0.13,53406,3,82,1996.22176684882,1755,1996,0.984306881274491,0.176465190549542
"175",1996-04-01,0.16,0.16,1,0.16,53416,4,92,1996.24908925319,1756,1996,0.999983627165352,0.0057223597602442
"176",1996-05-13,0.13,0.13,1,0.13,53458,5,134,1996.36384335155,1757,1996,0.754897260642302,-0.655843064974197
"177",1996-06-10,0.08,0.08,1,0.08,53486,6,162,1996.44034608379,1758,1996,0.366101877000748,-0.930574777036498
"178",1996-07-17,0.11,0.11,1,0.11,53523,7,199,1996.54143897996,1759,1996,-0.25743692941026,-0.966295103669586
"179",1996-08-16,0.07,0.07,1,0.07,53553,8,229,1996.62340619308,1760,1996,-0.699990346548197,-0.714152305001766
"180",1996-09-24,0.14,0.14,1,0.14,53592,9,268,1996.72996357013,1761,1996,-0.992085987093895,-0.125560321009195
"181",1996-10-10,0.1,0.1,1,0.1,53608,10,284,1996.77367941712,1762,1997,-0.988952335534809,0.148233862663852
"182",1996-11-15,0.1,0.1,1,0.1,53644,11,320,1996.87204007286,1763,1997,-0.720134350418072,0.693834646978617
"183",1996-12-17,0.14,0.14,1,0.14,53676,12,352,1996.95947176685,1764,1997,-0.251903226222586,0.967752429404676
"184",1997-01-06,0.12,0.12,1,0.12,53696,1,6,1997.01415525114,1765,1997,0.0888228547352454,0.996047438868592
"185",1997-02-11,0.17,0.17,1,0.17,53732,2,42,1997.11278538813,1766,1997,0.650810522779954,0.759240188240113
"186",1997-03-11,0.2,0.2,1,0.2,53760,3,71,1997.18949771689,1767,1997,0.928610079359722,0.371057031346303
"187",1997-04-14,0.19,0.19,1,0.19,53794,4,105,1997.28264840183,1768,1997,0.979033298752839,-0.203700269840604
"188",1997-04-28,0.16,0.16,1,0.16,53808,4,119,1997.32100456621,1768,1997,0.902121580374555,-0.431481928036987
"189",1997-05-08,0.1,0.1,1,0.1,53818,5,129,1997.34840182648,1769,1997,0.814878423613248,-0.579631913139354
"190",1997-05-22,0.09,0.09,1,0.09,53832,5,143,1997.38675799087,1769,1997,0.652986127474047,-0.75736986824566
"191",1997-06-05,0.12,0.12,1,0.12,53846,6,157,1997.42511415525,1770,1997,0.453351300925837,-0.891331923555334
"192",1997-06-20,0.09,0.09,1,0.09,53861,6,172,1997.46621004566,1770,1997,0.210717170372953,-0.977547070022726
"193",1997-07-14,0.07,0.07,1,0.07,53885,7,196,1997.53196347032,1771,1997,-0.199485076228253,-0.979900864558353
"194",1997-07-29,0.06,0.06,1,0.06,53900,7,211,1997.57305936073,1771,1997,-0.443092624450525,-0.896475836906688
"195",1997-08-12,0.08,0.08,1,0.08,53914,8,225,1997.61141552511,1772,1997,-0.644251638244278,-0.764813589457957
"196",1997-09-23,0.13,0.13,1,0.13,53956,9,267,1997.72648401826,1773,1997,-0.989104034662299,-0.147218234654414
"197",1997-10-23,0.09,0.09,1,0.09,53986,10,297,1997.80867579909,1774,1998,-0.932807138311521,0.360375974109084
"198",1997-11-20,0.17,0.17,1,0.17,54014,11,325,1997.88538812785,1775,1998,-0.659480620389833,0.751721565029393
"199",1997-12-12,0.2,0.2,1,0.2,54036,12,347,1997.94566210046,1776,1998,-0.334820842410675,0.942281806832439
"200",1998-01-15,0.26,0.26,1,0.26,54070,1,15,1998.03881278539,1777,1998,0.241457899325272,0.970411295716114
"201",1998-02-09,0.16,0.16,1,0.16,54095,2,40,1998.10730593607,1778,1998,0.624290582057981,0.781192210120984
"202",1998-03-19,0.2,0.2,1,0.2,54133,3,79,1998.21141552511,1779,1998,0.970756672629961,0.240065579674401
"203",1998-04-07,0.13,0.13,1,0.13,54152,4,98,1998.26347031963,1780,1998,0.996420467763388,-0.0845355039151622
"204",1998-05-21,0.16,0.16,1,0.16,54196,5,142,1998.38401826484,1781,1998,0.665926257817015,-0.746017572949744
"205",1998-06-09,0.12,0.12,1,0.12,54215,6,161,1998.43607305936,1782,1998,0.390951197325913,-0.920411408724074
"206",1998-07-30,0.09,0.09,1,0.09,54266,7,212,1998.57579908676,1783,1998,-0.458458333362471,-0.888715903183073
"207",1998-08-13,0.08,0.08,1,0.08,54280,8,226,1998.61415525114,1784,1998,-0.657321194120058,-0.7536105411687
"208",1998-09-15,0.11,0.11,1,0.11,54313,9,259,1998.70456621005,1785,1998,-0.959529706382413,-0.28160742633972
"209",1998-10-22,0.16,0.16,1,0.16,54350,10,296,1998.80593607306,1786,1999,-0.938872212860623,0.34426583902298
"210",1998-11-13,0.21,0.21,1,0.21,54372,11,318,1998.86621004566,1787,1999,-0.745061523020235,0.666995747298862
"211",1998-12-28,0.2,0.2,1,0.2,54417,12,363,1998.98949771689,1788,1999,-0.065939911910368,0.997823595640659
"212",1999-01-21,0.12,0.12,1,0.12,54441,1,21,1999.05525114155,1789,1999,0.340222178507517,0.940345079878445
"213",1999-02-26,0.14,0.14,1,0.14,54477,2,57,1999.15388127854,1790,1999,0.823109214872685,0.567883104513307
"214",1999-03-17,0.11,0.11,1,0.11,54496,3,77,1999.20593607306,1791,1999,0.961917958796432,0.273338326154429
"215",1999-04-09,0.16,0.16,1,0.16,54519,4,100,1999.26894977169,1792,1999,0.992920141447268,-0.118783806591376
"216",1999-05-17,0.08,0.08,1,0.08,54557,5,138,1999.37305936073,1793,1999,0.715676035353526,-0.698432396456994
"217",1999-06-04,0.1,0.1,1,0.1,54575,6,156,1999.42237442922,1794,1999,0.468626945891469,-0.88339616570621
"218",1999-07-08,0.08,0.08,1,0.08,54609,7,190,1999.51552511416,1795,1999,-0.097392541866766,-0.995246046356744
"219",1999-08-05,0.06,0.06,1,0.06,54637,8,218,1999.59223744292,1796,1999,-0.547643244507026,-0.836711943709313
"220",1999-09-14,0.07,0.07,1,0.07,54677,9,258,1999.70182648402,1797,1999,-0.954540132776429,-0.298082429739087
"221",1999-10-08,0.07,0.07,1,0.07,54701,10,282,1999.76757990868,1798,2000,-0.993905734661427,0.110233346166797
"222",1999-11-08,0.09,0.09,1,0.09,54732,11,313,1999.85251141553,1799,2000,-0.799641590773618,0.600477581850511
"223",1999-12-09,0.14,0.14,1,0.14,54763,12,344,1999.93744292237,1800,2000,-0.383014738018017,0.923742231610632
"224",2000-01-29,0.19,0.19,1,0.19,54814,1,29,2000.07695810565,1801,2000,0.464918042539212,0.885353722374005
"225",2000-02-24,0.12,0.12,1,0.12,54840,2,55,2000.14799635701,1802,2000,0.801553298875702,0.597923330420781
"226",2000-03-21,0.15,0.15,1,0.15,54866,3,81,2000.21903460838,1803,2000,0.981132581745366,0.193336124502569
"227",2000-04-24,0.14,0.14,1,0.14,54900,4,115,2000.31193078324,1804,2000,0.925242285924894,-0.379376741955113
"228",2000-05-17,0.2,0.2,1,0.2,54923,5,138,2000.3747723133,1805,2000,0.70811764262389,-0.706094472577703
"229",2000-06-27,0.05,0.05,1,0.05,54964,6,179,2000.48679417122,1806,2000,0.0828794915184936,-0.99655957668653
"230",2000-07-18,0.05,0.05,1,0.05,54985,7,200,2000.5441712204,1807,2000,-0.273986735879486,-0.961733470646678
"231",2000-08-29,0.05,0.05,1,0.05,55027,8,242,2000.65892531876,1808,2000,-0.840690576122213,-0.54151579406265
"232",2000-09-22,0.07,0.07,1,0.07,55051,9,266,2000.72449908925,1809,2000,-0.987191101047811,-0.159542251494738
"233",2000-10-24,0.1,0.1,1,0.1,55083,10,298,2000.81193078324,1810,2001,-0.925242285924769,0.379376741955418
"234",2000-11-17,0.11,0.11,1,0.11,55107,11,322,2000.87750455373,1811,2001,-0.695892249310333,0.718146208894683
"235",2000-12-20,0.15,0.15,1,0.15,55140,12,355,2000.96766848816,1812,2001,-0.201750535195344,0.979436941078083
"236",2001-01-19,0.19,0.19,1,0.19,55170,1,19,2001.0497716895,1813,2001,0.307652369964647,0.951498827773916
"237",2001-02-27,0.19,0.19,1,0.19,55209,2,58,2001.15662100457,1814,2001,0.832762436493563,0.553630494432256
"238",2001-03-20,0.19,0.19,1,0.19,55230,3,80,2001.21415525114,1815,2001,0.974745178877537,0.223320031020503
"239",2001-04-12,0.13,0.13,1,0.13,55253,4,103,2001.27716894977,1816,2001,0.98546481591998,-0.169879653236634
"240",2001-05-17,0.11,0.11,1,0.11,55288,5,138,2001.37305936073,1817,2001,0.715676035353873,-0.698432396456637
"241",2001-06-11,0.08,0.08,1,0.08,55313,6,163,2001.44155251142,1818,2001,0.359037475892729,-0.933323143881356
"242",2001-07-31,0.06,0.06,1,0.06,55363,7,213,2001.57853881279,1819,2001,-0.473688191175465,-0.880692623757526
"243",2001-08-28,0.05,0.05,1,0.05,55391,8,241,2001.65525114155,1820,2001,-0.827966494293313,-0.560777571170283
"244",2001-09-17,0.05,0.05,1,0.05,55411,9,261,2001.7100456621,1821,2001,-0.968654471247351,-0.248411987095055
"245",2001-11-13,0.11,0.11,1,0.11,55468,11,318,2001.86621004566,1823,2002,-0.745061523020127,0.666995747298984
"246",2002-01-24,0.33,0.33,1,0.33,55540,1,24,2002.06347031963,1825,2002,0.388308899938697,0.921529271498415
"247",2002-02-25,0.2,0.2,1,0.2,55572,2,56,2002.15114155251,1826,2002,0.813212088228138,0.581967438573354
"248",2002-03-21,0.14,0.14,1,0.14,55596,3,81,2002.21689497717,1827,2002,0.9784448470912,0.206508307824836
"249",2002-04-25,0.07,0.07,1,0.07,55631,4,116,2002.31278538813,1828,2002,0.923191840116466,-0.384339467583507
"250",2002-05-22,0.15,0.15,1,0.15,55658,5,143,2002.38675799087,1829,2002,0.652986127474301,-0.757369868245441
"251",2002-06-19,0.05,0.05,1,0.05,55686,6,171,2002.46347031963,1830,2002,0.227512816225244,-0.97377508617404
"252",2002-07-17,0.04,0.04,1,0.04,55714,7,199,2002.5401826484,1831,2002,-0.249801282514985,-0.968297123435709
"253",2002-09-18,0.05,0.05,1,0.05,55777,9,262,2002.71278538813,1833,2002,-0.972786958642425,-0.231701387771461
"254",2002-11-13,0.16,0.16,1,0.16,55833,11,318,2002.86621004566,1835,2003,-0.745061523019686,0.666995747299476
"255",2003-01-21,0.2,0.2,1,0.2,55902,1,21,2003.05525114155,1837,2003,0.34022217850658,0.940345079878784
"256",2003-02-12,0.2,0.2,1,0.2,55924,2,43,2003.11552511416,1838,2003,0.663783169945802,0.747925065295115
"257",2003-03-19,0.11,0.11,1,0.11,55959,3,79,2003.21141552511,1839,2003,0.970756672629881,0.240065579674727
"258",2003-04-14,0.16,0.16,1,0.16,55985,4,105,2003.28264840183,1840,2003,0.979033298752772,-0.203700269840923
"259",2003-05-20,0.06,0.06,1,0.06,56021,5,141,2003.38127853881,1841,2003,0.678669059838651,-0.734444216545901
"260",2003-06-17,0.06,0.06,1,0.06,56049,6,169,2003.45799086758,1842,2003,0.260896900124092,-0.965366669978636
"261",2003-07-22,0.06,0.06,1,0.06,56084,7,204,2003.55388127854,1843,2003,-0.332116029198602,-0.943238539898234
"262",2003-09-23,0.06,0.06,1,0.06,56147,9,267,2003.72648401826,1845,2003,-0.989104034662347,-0.147218234654093
"263",2003-11-20,0.12,0.12,1,0.12,56205,11,325,2003.88538812785,1847,2004,-0.659480620390956,0.751721565028408
"264",2004-01-14,0.25,0.25,1,0.25,56260,1,14,2004.03597449909,1849,2004,0.224114612604797,0.974562794496589
"265",2004-02-24,0.06,0.06,1,0.06,56301,2,55,2004.14799635701,1850,2004,0.801553298876195,0.597923330420122
"266",2004-03-17,0.13,0.13,1,0.13,56323,3,77,2004.20810564663,1851,2004,0.965554572035565,0.260200631093041
"267",2004-04-23,0.19,0.19,1,0.19,56360,4,114,2004.30919854281,1852,2004,0.931618455605006,-0.363437825736596
"268",2004-05-27,0.08,0.08,1,0.08,56394,5,148,2004.40209471767,1853,2004,0.577086774283079,-0.816682836202372
"269",2004-06-24,0.06,0.06,1,0.06,56422,6,176,2004.47859744991,1854,2004,0.134071246824623,-0.990971695244062
"270",2004-07-29,0.06,0.06,1,0.06,56457,7,211,2004.57422586521,1855,2004,-0.449651261851087,-0.893204199898167
"271",2004-09-27,0.05,0.05,1,0.05,56517,9,271,2004.73816029144,1857,2004,-0.997234259222655,-0.0743224880681654
"272",2004-10-18,0.09,0.09,1,0.09,56538,10,292,2004.79553734062,1858,2005,-0.95934628162153,0.282231663600922
"273",2004-11-16,0.13,0.13,1,0.13,56567,11,321,2004.8747723133,1859,2005,-0.70811764262436,0.706094472577232
"274",2004-12-16,0.24,0.24,1,0.24,56597,12,351,2004.95673952641,1860,2005,-0.268478865029181,0.963285575015344
"275",2005-01-13,0.29,0.29,1,0.29,56625,1,13,2005.03333333333,1861,2005,0.207911690816314,0.978147600734113
"276",2005-01-27,0.3,0.3,1,0.3,56639,1,27,2005.07168949772,1861,2005,0.435360247169023,0.900256327489525
"277",2005-02-10,0.26,0.26,1,0.26,56653,2,41,2005.1100456621,1862,2005,0.637645026409293,0.770330331932666
"278",2005-02-23,0.18,0.18,1,0.18,56666,2,54,2005.14566210046,1862,2005,0.792697922197435,0.609614635769081
"279",2005-03-15,0.17,0.17,1,0.17,56686,3,75,2005.200456621,1863,2005,0.95193918122114,0.306287112455006
"280",2005-04-07,0.17,0.17,1,0.17,56709,4,98,2005.26347031963,1864,2005,0.996420467763459,-0.0845355039143321
"281",2005-04-27,0.16,0.16,1,0.16,56729,4,118,2005.31826484018,1864,2005,0.909415173430321,-0.415889459273374
"282",2005-05-11,0.14,0.14,1,0.14,56743,5,132,2005.35662100457,1865,2005,0.783871634503188,-0.620922910369154
"283",2005-06-15,0.05,0.05,1,0.05,56778,6,167,2005.45251141553,1866,2005,0.293971769400492,-0.955814102634788
"284",2005-07-21,0.06,0.06,1,0.06,56814,7,203,2005.55114155251,1867,2005,-0.315830521698193,-0.948815620425722
"285",2005-08-11,0.06,0.06,1,0.06,56835,8,224,2005.60867579909,1868,2005,-0.630991176704379,-0.775790006974325
"286",2005-08-23,0.07,0.07,1,0.07,56847,8,236,2005.64155251142,1868,2005,-0.776694376129018,-0.629877643744843
"287",2005-09-06,0.08,0.08,1,0.08,56861,9,250,2005.6799086758,1869,2005,-0.904582588434419,-0.426298417427611
"288",2005-09-29,0.08,0.08,1,0.08,56884,9,273,2005.74292237443,1869,2005,-0.99901137102352,-0.0444553772417547
"289",2005-10-27,0.12,0.12,1,0.12,56912,10,301,2005.8196347032,1870,2006,-0.905801928606648,0.423701387928428
"290",2005-11-22,0.03,0.03,1,0.03,56938,11,327,2005.89086757991,1871,2006,-0.633214344903554,0.773976481172628
"291",2005-12-06,0.33,0.33,1,0.33,56952,12,341,2005.92922374429,1872,2006,-0.430187375604552,0.902739620195363
"292",2005-12-20,0.31,0.31,1,0.31,56966,12,355,2005.96757990868,1872,2006,-0.202295620632767,0.979324502845101
"293",2006-01-04,0.17,0.17,1,0.17,56981,1,4,2006.00867579909,1873,2006,0.0544846602790061,0.998514607702001
"294",2006-01-25,0.22,0.22,1,0.22,57002,1,25,2006.06621004566,1873,2006,0.404113979343293,0.914708637599607
"295",2006-02-08,0.13,0.13,1,0.13,57016,2,39,2006.10456621005,1874,2006,0.610751146931711,0.791822604199703
"296",2006-02-22,0.22,0.22,1,0.22,57030,2,53,2006.14292237443,1874,2006,0.782086961602846,0.623169306441539
"297",2006-03-15,0.16,0.16,1,0.16,57051,3,75,2006.200456621,1875,2006,0.951939181220785,0.306287112456108
"298",2006-04-25,0.08,0.08,1,0.08,57092,4,116,2006.31278538813,1876,2006,0.92319184011615,-0.384339467584267
"299",2006-05-11,0.06,0.06,1,0.06,57108,5,132,2006.35662100457,1877,2006,0.783871634502778,-0.620922910369672
"300",2006-05-25,0.09,0.09,1,0.09,57122,5,146,2006.39497716895,1877,2006,0.613020396441444,-0.790067081675205
"301",2006-06-06,0.09,0.09,1,0.09,57134,6,158,2006.42785388128,1878,2006,0.437941318185633,-0.899003560518995
"302",2006-06-22,0.07,0.07,1,0.07,57150,6,174,2006.47168949772,1878,2006,0.176943553945757,-0.984221000953061
"303",2006-07-05,0.08,0.08,1,0.08,57163,7,187,2006.50730593607,1879,2006,-0.0458884299961685,-0.998946571140062
"304",2006-07-17,0.1,0.1,1,0.1,57175,7,199,2006.5401826484,1879,2006,-0.249801282514021,-0.968297123435958
"305",2006-08-01,0.08,0.08,1,0.08,57190,8,214,2006.58127853881,1880,2006,-0.488777684955549,-0.872408376100032
"306",2006-09-19,0.09,0.09,1,0.09,57239,9,263,2006.71552511416,1881,2006,-0.97663118826678,-0.214922130327748
"307",2006-10-12,0.12,0.12,1,0.12,57262,10,286,2006.77853881279,1882,2007,-0.983966159785526,0.178355253348269
"308",2006-11-20,0.19,0.19,1,0.19,57301,11,325,2006.88538812785,1883,2007,-0.659480620390834,0.751721565028516
"309",2006-12-18,0.44,0.44,1,0.44,57329,12,353,2006.96210045662,1884,2007,-0.235885668086694,0.971780814582843
"310",2006-12-27,0.23,0.23,1,0.23,57338,12,362,2006.98675799087,1884,2007,-0.0831060351326662,0.996540710119024
"311",2007-01-23,0.2,0.2,1,0.2,57365,1,23,2007.06073059361,1885,2007,0.372388756225422,0.928076836386343
"312",2007-02-06,0.14,0.14,1,0.14,57379,2,37,2007.09908675799,1886,2007,0.583133406098357,0.812376409487701
"313",2007-02-20,0.2,0.2,1,0.2,57393,2,51,2007.13744292237,1886,2007,0.7601730056067,0.649720710418619
"314",2007-03-28,0.13,0.13,1,0.13,57429,3,88,2007.23607305936,1887,2007,0.996173831884341,0.0873939166582477
"315",2007-04-24,0.12,0.12,1,0.12,57456,4,115,2007.3100456621,1888,2007,0.929670831423371,-0.368391293600402
"316",2007-05-08,0.1,0.1,1,0.1,57470,5,129,2007.34840182648,1889,2007,0.814878423613637,-0.579631913138807
"317",2007-05-22,0.06,0.06,1,0.06,57484,5,143,2007.38675799087,1889,2007,0.652986127474555,-0.757369868245222
"318",2007-06-05,0.07,0.07,1,0.07,57498,6,157,2007.42511415525,1890,2007,0.453351300926435,-0.89133192355503
"319",2007-06-19,0.07,0.07,1,0.07,57512,6,171,2007.46347031963,1890,2007,0.227512816225571,-0.973775086173963
"320",2007-07-02,0.04,0.04,1,0.04,57525,7,184,2007.49908675799,1891,2007,0.00573803728596237,-0.999983537328543
"321",2007-07-24,0.1,0.1,1,0.1,57547,7,206,2007.55936073059,1891,2007,-0.364387008174254,-0.931247608466092
"322",2007-08-21,0.04,0.04,1,0.04,57575,8,234,2007.63607305936,1892,2007,-0.754552703994183,-0.656239450882882
"323",2007-09-24,0.1,0.1,1,0.1,57609,9,268,2007.72922374429,1893,2007,-0.991491608132274,-0.130170622658406
"324",2007-11-27,0.124,0.124,1,0.124,57673,11,332,2007.90456621005,1895,2008,-0.564335563737656,0.825545499352339
"325",2007-12-04,0.138,0.138,1,0.138,57680,12,339,2007.92374429224,1896,2008,-0.461006199485769,0.887396914596669
"326",2007-12-19,0.184,0.184,1,0.184,57695,12,354,2007.96484018265,1896,2008,-0.219123109812901,0.975697218785584
"327",2008-01-10,0.397,0.397,1,0.397,57717,1,10,2008.02504553734,1897,2008,0.15671705557704,0.987643541208701
"328",2008-01-30,0.351,0.351,1,0.351,57737,1,30,2008.07969034608,1897,2008,0.480047809745522,0.877242327044545
"329",2008-02-06,0.26,0.26,1,0.26,57744,2,37,2008.09881602914,1898,2008,0.581750678733378,0.813367166655536
"330",2008-02-20,0.306,0.306,1,0.306,57758,2,51,2008.13706739526,1898,2008,0.758637870796723,0.651512533258581
"331",2008-03-11,0.244,0.244,1,0.244,57778,3,71,2008.19171220401,1899,2008,0.933682924358483,0.358100819269366
"332",2008-04-24,0.1,0.1,1,0.1,57822,4,115,2008.31193078324,1900,2008,0.92524228592496,-0.379376741954953
"333",2008-05-05,0.078,0.078,1,0.078,57833,5,126,2008.34198542805,1901,2008,0.837578063445649,-0.546317661836625
"334",2008-06-18,0.031,0.031,1,0.031,57877,6,170,2008.46220400729,1902,2008,0.235253350380616,-0.971934082710703
"335",2008-08-05,0.016,0.016,1,0.016,57925,8,218,2008.59335154827,1904,2008,-0.553486871638468,-0.832857900799327
"336",2008-10-29,0.087,0.087,1,0.087,58010,10,303,2008.82559198543,1906,2009,-0.889311722270447,0.457301498611553
"337",2008-12-09,0.193,0.193,1,0.193,58051,12,344,2008.93761384335,1908,2009,-0.382022484532904,0.924153029163086
"338",2008-12-22,0.179,0.179,1,0.179,58064,12,357,2008.97313296903,1908,2009,-0.168009910297943,0.985785306261803
"339",2009-01-06,0.245,0.245,1,0.245,58079,1,6,2009.01415525114,1909,2009,0.0888228547358936,0.996047438868534
"340",2009-01-26,0.19,0.19,1,0.19,58099,1,26,2009.06894977169,1909,2009,0.419799311053716,0.907616955790726
"341",2009-02-05,0.131,0.131,1,0.131,58109,2,36,2009.09634703196,1910,2009,0.569063284122887,0.822293730161719
"342",2009-02-25,0.241,0.241,1,0.241,58129,2,56,2009.15114155251,1910,2009,0.813212088227653,0.581967438574032
"343",2009-03-24,0.208,0.208,1,0.208,58156,3,84,2009.22511415525,1911,2009,0.987800290487236,0.155725996909099
"344",2009-04-21,0.074,0.074,1,0.074,58184,4,112,2009.30182648402,1912,2009,0.947447645397375,-0.319910861383246
"345",2009-05-21,0.041,0.041,1,0.041,58214,5,142,2009.38401826484,1913,2009,0.665926257817023,-0.746017572949737
"346",2009-06-24,0.056,0.056,1,0.056,58248,6,176,2009.47716894977,1914,2009,0.142960224280511,-0.989728434609043
"347",2009-08-26,0.016,0.016,1,0.016,58311,8,239,2009.6497716895,1916,2009,-0.808172974200558,-0.588945195898417
"348",2009-11-18,0.101,0.101,1,0.101,58395,11,323,2009.8799086758,1919,2010,-0.684965280422855,0.728575709597321
"349",2009-12-03,0.119,0.119,1,0.119,58410,12,338,2009.92100456621,1920,2010,-0.476212975584895,0.879329973266339
"350",2009-12-16,0.192,0.192,1,0.192,58423,12,351,2009.95662100457,1920,2010,-0.269196144196263,0.963085373136704
"351",2010-01-14,0.246,0.246,1,0.246,58452,1,14,2010.03607305936,1921,2010,0.224718089480812,0.974423819628858
"352",2010-01-27,0.329,0.329,1,0.329,58465,1,27,2010.07168949772,1921,2010,0.435360247168721,0.900256327489671
"353",2010-02-03,0.289,0.289,1,0.289,58472,2,34,2010.09086757991,1922,2010,0.54042138222264,0.841394514860046
"354",2010-02-16,0.237,0.237,1,0.237,58485,2,47,2010.12648401826,1922,2010,0.713669266048615,0.700482818274389
"355",2010-03-04,0.229,0.229,1,0.229,58501,3,64,2010.1703196347,1923,2010,0.877272429661392,0.479992795941771
"356",2010-04-06,0.144,0.144,1,0.144,58534,4,97,2010.26073059361,1924,2010,0.997727977055559,-0.0673712386751377
"357",2010-05-19,0.075,0.075,1,0.075,58577,5,140,2010.37853881279,1925,2010,0.691210757569992,-0.722653228470971
"358",2010-06-17,0.062,0.062,1,0.062,58606,6,169,2010.45799086758,1926,2010,0.26089690012314,-0.965366669978893
"359",2010-08-05,0.036,0.036,1,0.036,58655,8,218,2010.59223744292,1928,2010,-0.547643244507018,-0.836711943709319
"360",2010-10-26,0.18,0.18,1,0.18,58737,10,300,2010.81689497717,1930,2011,-0.912961047170451,0.408046720792403
"361",2010-10-26,0.2,0.2,1,0.2,58737,10,300,2010.81689497717,1930,2011,-0.912961047170451,0.408046720792403
"362",2010-11-09,0.14,0.14,1,0.14,58751,11,314,2010.85525114155,1931,2011,-0.789186880762521,0.614153130116849
"363",2010-12-15,0.13,0.13,1,0.13,58787,12,350,2010.95388127854,1932,2011,-0.285734191419223,0.958308912540212
"364",2010-12-15,0.141,0.141,1,0.141,58787,12,350,2010.95388127854,1932,2011,-0.285734191419223,0.958308912540212
"365",2010-12-28,0.16,0.16,1,0.16,58800,12,363,2010.98949771689,1932,2011,-0.0659399119097187,0.997823595640702
"366",2010-12-28,0.169,0.169,1,0.169,58800,12,363,2010.98949771689,1932,2011,-0.0659399119097187,0.997823595640702
"367",2011-01-11,0.18,0.18,1,0.18,58814,1,11,2011.02785388128,1933,2011,0.174119065681905,0.984724606662218
"368",2011-01-11,0.186,0.186,1,0.186,58814,1,11,2011.02785388128,1933,2011,0.174119065681905,0.984724606662218
"369",2011-01-26,0.169,0.169,1,0.169,58829,1,26,2011.06894977169,1933,2011,0.419799311053264,0.907616955790935
"370",2011-02-10,0.12,0.12,1,0.12,58844,2,41,2011.1100456621,1934,2011,0.637645026409544,0.770330331932459
"371",2011-02-10,0.129,0.129,1,0.129,58844,2,41,2011.1100456621,1934,2011,0.637645026409544,0.770330331932459
"372",2011-02-22,0.16,0.16,1,0.16,58856,2,53,2011.14292237443,1934,2011,0.782086961603771,0.623169306440378
"373",2011-02-22,0.169,0.169,1,0.169,58856,2,53,2011.14292237443,1934,2011,0.782086961603771,0.623169306440378
"374",2011-03-15,0.12,0.12,1,0.12,58877,3,75,2011.200456621,1935,2011,0.95193918122124,0.306287112454696
"375",2011-03-15,0.136,0.136,1,0.136,58877,3,75,2011.200456621,1935,2011,0.95193918122124,0.306287112454696
"376",2011-04-20,0.11,0.11,1,0.11,58913,4,111,2011.29908675799,1936,2011,0.952814010399919,-0.3035547093781
"377",2011-04-20,0.101,0.101,1,0.101,58913,4,111,2011.29908675799,1936,2011,0.952814010399919,-0.3035547093781
"378",2011-05-12,0.05,0.05,1,0.05,58935,5,133,2011.35936073059,1937,2011,0.77306732826069,-0.634323975564441
"379",2011-05-12,0.029,0.029,1,0.029,58935,5,133,2011.35936073059,1937,2011,0.77306732826069,-0.634323975564441
"380",2011-05-23,0.06,0.06,1,0.06,58946,5,144,2011.38949771689,1937,2011,0.639852503249678,-0.768497738503582
"381",2011-06-07,0.08,0.08,1,0.08,58961,6,159,2011.43059360731,1938,2011,0.422401563980405,-0.90640880332602
"382",2011-06-23,0.04,0.04,1,0.04,58977,6,175,2011.47442922374,1938,2011,0.159975591224561,-0.987120970404515
"383",2011-06-23,0.037,0.037,1,0.037,58977,6,175,2011.47442922374,1938,2011,0.159975591224561,-0.987120970404515
"384",2011-07-05,0.07,0.07,1,0.07,58989,7,187,2011.50730593607,1939,2011,-0.0458884299958337,-0.998946571140077
"385",2011-07-28,0.06,0.06,1,0.06,59012,7,210,2011.5703196347,1939,2011,-0.42759561763197,-0.903970125491951
"386",2011-08-10,0.07,0.07,1,0.07,59025,8,223,2011.60593607306,1940,2011,-0.617543738861325,-0.786536541168416
"387",2011-08-10,0.068,0.068,1,0.068,59025,8,223,2011.60593607306,1940,2011,-0.617543738861325,-0.786536541168416
"388",2011-09-08,0.06,0.06,1,0.06,59054,9,252,2011.68538812785,1941,2011,-0.918720412021909,-0.394908602760556
"389",2011-10-25,0.09,0.09,1,0.09,59101,10,299,2011.81415525114,1942,2012,-0.919849635673003,0.392271140605887
"390",2011-12-08,0.08,0.08,1,0.08,59145,12,343,2011.93470319635,1944,2012,-0.398858694279048,0.917012400133179
"391",2011-12-29,0.11,0.11,1,0.11,59166,12,364,2011.99223744292,1944,2012,-0.0487542492661182,0.998810804496276
"392",2012-01-05,0.1,0.1,1,0.1,59173,1,5,2012.01138433515,1945,2012,0.0714689055717556,0.997442828204392
"393",2012-01-18,0.1,0.1,1,0.1,59186,1,18,2012.04690346084,1945,2012,0.290455797197827,0.956888410356283
"394",2012-02-09,0.29,0.29,1,0.29,59208,2,40,2012.10701275046,1946,2012,0.622850458534306,0.782340914374038
"395",2012-02-23,0.1,0.1,1,0.1,59222,2,54,2012.14526411658,1946,2012,0.791171039100508,0.611594953289039
"396",2012-03-15,0.12,0.12,1,0.12,59243,3,75,2012.20264116576,1947,2012,0.956053443919758,0.293192449372712
"397",2012-04-18,0.11,0.11,1,0.11,59277,4,109,2012.29553734062,1948,2012,0.959346281621672,-0.282231663600439
"398",2012-05-17,0.02,0.02,1,0.02,59306,5,138,2012.3747723133,1949,2012,0.708117642624715,-0.706094472576876
"399",2012-06-12,0.04,0.04,1,0.04,59332,6,164,2012.44581056466,1950,2012,0.333941709896651,-0.942593727112217
"400",2012-08-07,0.03,0.03,1,0.03,59388,8,220,2012.59881602914,1952,2012,-0.581750678732836,-0.813367166655923
"401",2012-10-18,0.094,0.094,1,0.094,59460,10,292,2012.79553734062,1954,2013,-0.959346281621579,0.282231663600756
"402",2012-12-04,0.346,0.346,1,0.346,59507,12,339,2012.92395264117,1956,2013,-0.459844118000519,0.887999654921287
"403",2012-12-19,0.237,0.237,1,0.237,59522,12,354,2012.96493624772,1956,2013,-0.21853414429568,0.975829302581632
"404",2013-01-08,0.328,0.328,1,0.328,59542,1,8,2013.0196347032,1957,2013,0.123055776475602,0.992399756084203
"405",2013-01-22,0.197,0.197,1,0.197,59556,1,22,2013.05799086758,1957,2013,0.35635826568917,0.934349392077186
"406",2013-02-05,0.16,0.16,1,0.16,59570,2,36,2013.09634703196,1958,2013,0.569063284122068,0.822293730162286
"407",2013-02-19,0.14,0.14,1,0.14,59584,2,50,2013.13470319635,1958,2013,0.748876503783493,0.662709575969
"408",2013-03-12,0.217,0.217,1,0.217,59605,3,72,2013.19223744292,1959,2013,0.934859632590213,0.355017559218262
"409",2013-04-11,0.151,0.151,1,0.151,59635,4,102,2013.27442922374,1960,2013,0.988243007648308,-0.152891326877052
"410",2013-05-16,0.076,0.076,1,0.076,59670,5,137,2013.3703196347,1961,2013,0.727592365817668,-0.686009729671415
"411",2013-05-30,0.121,0.121,1,0.121,59684,5,151,2013.40867579909,1961,2013,0.542833144508162,-0.839840566550212
"412",2013-06-04,0.066,0.066,1,0.066,59689,6,156,2013.42237442922,1962,2013,0.468626945891334,-0.883396165706282
"413",2013-06-26,0.062,0.062,1,0.062,59711,6,178,2013.48264840183,1962,2013,0.108807458370093,-0.994062843588392
"414",2013-07-29,0.04,0.04,1,0.04,59744,7,211,2013.57305936073,1963,2013,-0.443092624450216,-0.89647583690684
"415",2013-08-12,0.04,0.04,1,0.04,59758,8,225,2013.61141552511,1964,2013,-0.644251638244014,-0.764813589458179
"416",2013-10-23,0.075,0.075,1,0.075,59830,10,297,2013.80867579909,1966,2014,-0.932807138311645,0.360375974108763
"417",2013-12-06,0.11,0.11,1,0.11,59874,12,341,2013.92922374429,1968,2014,-0.430187375604708,0.902739620195289
"418",2014-01-22,0.113,0.113,1,0.113,59921,1,22,2014.05799086758,1969,2014,0.356358265689787,0.934349392076951
"419",2014-01-28,0.161,0.161,1,0.161,59927,1,28,2014.07442922374,1969,2014,0.450792176646794,0.89262893380959
"420",2014-02-06,0.094,0.094,1,0.094,59936,2,37,2014.09908675799,1970,2014,0.583133406097681,0.812376409488186
"421",2014-02-06,0.095,0.095,1,0.095,59936,2,37,2014.09908675799,1970,2014,0.583133406097681,0.812376409488186
"422",2014-02-13,0.672,0.672,1,0.672,59943,2,44,2014.11826484018,1970,2014,0.676559123833886,0.736388316010734
"423",2014-02-20,0.32,0.32,1,0.32,59950,2,51,2014.13744292237,1970,2014,0.760173005607341,0.64972071041787
"424",2014-03-14,0.28,0.28,1,0.28,59972,3,74,2014.19771689498,1971,2014,0.946525912006387,0.322627800879709
"425",2014-03-20,0.241,0.241,1,0.241,59978,3,80,2014.21415525114,1971,2014,0.974745178877424,0.223320031020998
"426",2014-04-15,0.054,0.054,1,0.054,60004,4,106,2014.28538812785,1972,2014,0.975381879111302,-0.220522538306869
"427",2014-04-17,0.041,0.041,1,0.041,60006,4,108,2014.29086757991,1972,2014,0.967213127363075,-0.253966073042326
"428",2014-05-13,0.04,0.04,1,0.04,60032,5,134,2014.36210045662,1973,2014,0.762033945484789,-0.647537076875823
"429",2014-05-21,0.04,0.04,1,0.04,60040,5,142,2014.38401826484,1973,2014,0.665926257817273,-0.746017572949514
"430",2014-05-28,0.04,0.04,1,0.04,60047,5,149,2014.40319634703,1973,2014,0.571420127794661,-0.820657685975787
"431",2014-06-03,0.04,0.04,1,0.04,60053,6,155,2014.4196347032,1974,2014,0.483763726579685,-0.875198638507703
"432",2014-06-30,0.04,0.04,1,0.04,60080,6,182,2014.49360730594,1974,2014,0.0401556818795366,-0.999193435333114
"433",2014-07-24,0.099,0.099,1,0.099,60104,7,206,2014.55936073059,1975,2014,-0.364387008175172,-0.931247608465733
"434",2014-08-13,0.04,0.04,1,0.04,60124,8,226,2014.61415525114,1976,2014,-0.657321194119798,-0.753610541168927
"435",2014-10-16,0.046,0.046,1,0.046,60188,10,290,2014.7894977169,1978,2015,-0.969363186134849,0.245631865535591
"436",2014-11-20,0.208,0.208,1,0.208,60223,11,325,2014.88538812785,1979,2015,-0.659480620390963,0.751721565028402
"437",2014-12-09,0.421,0.421,1,0.421,60242,12,344,2014.93744292237,1980,2015,-0.383014738017265,0.923742231610943
"438",2014-12-16,0.407,0.407,1,0.407,60249,12,351,2014.95662100457,1980,2015,-0.269196144196586,0.963085373136614
"439",2015-01-14,0.405,0.405,1,0.405,60278,1,14,2015.03607305936,1981,2015,0.224718089480485,0.974423819628934
"440",2015-01-15,0.41,0.41,1,0.41,60279,1,15,2015.03881278539,1981,2015,0.241457899323813,0.970411295716477
"441",2015-01-27,0.267,0.267,1,0.267,60291,1,27,2015.07168949772,1981,2015,0.435360247170057,0.900256327489025
"442",2015-02-19,0.271,0.271,1,0.271,60314,2,50,2015.13470319635,1982,2015,0.748876503783163,0.662709575969373
"443",2015-02-20,0.259,0.259,1,0.259,60315,2,51,2015.13744292237,1982,2015,0.76017300560777,0.649720710417368
"444",2015-02-25,0.244,0.244,1,0.244,60320,2,56,2015.15114155251,1982,2015,0.813212088227843,0.581967438573767
"445",2015-03-16,0.09,0.09,1,0.09,60339,3,76,2015.20319634703,1983,2015,0.957070370311371,0.289855664550575
"446",2015-03-19,0.134,0.134,1,0.134,60342,3,79,2015.21141552511,1983,2015,0.970756672630037,0.240065579674095
"447",2015-04-09,0.091,0.091,1,0.091,60363,4,100,2015.26894977169,1984,2015,0.992920141447309,-0.118783806591034
"448",2015-04-09,0.094,0.094,1,0.094,60363,4,100,2015.26894977169,1984,2015,0.992920141447309,-0.118783806591034
"449",2015-04-09,0.088,0.088,1,0.088,60363,4,100,2015.26894977169,1984,2015,0.992920141447309,-0.118783806591034
"450",2015-04-27,0.083,0.083,1,0.083,60381,4,118,2015.31826484018,1984,2015,0.9094151734306,-0.415889459272764
"451",2015-05-08,0.04,0.04,1,0.04,60392,5,129,2015.34840182648,1985,2015,0.814878423613737,-0.579631913138667
"452",2015-05-19,0.099,0.099,1,0.099,60403,5,140,2015.37853881279,1985,2015,0.69121075756892,-0.722653228471996
"453",2015-06-04,0.04,0.04,1,0.04,60419,6,156,2015.42237442922,1986,2015,0.468626945891773,-0.883396165706049
"454",2015-06-16,0.04,0.04,1,0.04,60431,6,168,2015.45525114155,1986,2015,0.277475445742917,-0.960732729227942
"457",2015-07-07,0.04,0.04,1,0.04,60452,7,189,2015.51278538813,1987,2015,-0.0802465874507876,-0.996775042425573
"458",2015-08-20,0.04,0.04,1,0.04,60496,8,233,2015.63333333333,1988,2015,-0.743144825477683,-0.669130606358538
"459",2015-08-31,0.04,0.04,1,0.04,60507,8,244,2015.66347031963,1988,2015,-0.855809814459231,-0.517290596739643
"460",2015-09-17,0.04,0.04,1,0.04,60524,9,261,2015.7100456621,1989,2015,-0.968654471247389,-0.248411987094907
"461",2015-10-27,0.067,0.067,1,0.067,60564,10,301,2015.8196347032,1990,2016,-0.905801928606932,0.423701387927821
"462",2015-10-29,0.092,0.092,1,0.092,60566,10,303,2015.82511415525,1990,2016,-0.890680666433902,0.454629464994143
"463",2015-11-19,0.13,0.13,1,0.13,60587,11,324,2015.88264840183,1991,2016,-0.672322562249768,0.740258314569925
"464",2015-12-09,0.142,0.142,1,0.142,60607,12,344,2015.93744292237,1992,2016,-0.383014738018335,0.9237422316105
"465",2015-12-15,0.254,0.254,1,0.254,60613,12,350,2015.95388127854,1992,2016,-0.285734191419544,0.958308912540116
"466",2016-01-14,0.566,0.566,1,0.566,60643,1,14,2016.03597449909,1993,2016,0.224114612603659,0.974562794496851
"467",2016-01-19,0.435,0.435,1,0.435,60648,1,19,2016.04963570128,1993,2016,0.306839259860042,0.951761350659156
"468",2016-01-27,0.332,0.332,1,0.332,60656,1,27,2016.07149362477,1993,2016,0.434251966871474,0.90079144604523
"469",2016-02-10,0.322,0.322,1,0.322,60670,2,41,2016.10974499089,1994,2016,0.636188602206467,0.771533578285859
"470",2016-02-23,0.223,0.223,1,0.223,60683,2,54,2016.14526411658,1994,2016,0.791171039099899,0.611594953289827
"471",2016-02-24,0.27,0.27,1,0.27,60684,2,55,2016.14799635701,1994,2016,0.801553298876584,0.5979233304196
"472",2016-03-24,0.152,0.152,1,0.152,60713,3,84,2016.22723132969,1995,2016,0.989784391072491,0.142572294606136
"473",2016-03-30,0.127,0.127,1,0.127,60719,3,90,2016.24362477231,1995,2016,0.999197836180625,0.0400460256699392
"474",2016-04-19,0.069,0.069,1,0.069,60739,4,110,2016.29826958106,1996,2016,0.954360037940852,-0.29865853073625
"475",2016-04-20,0.065,0.065,1,0.065,60740,4,111,2016.30100182149,1996,2016,0.94909253997608,-0.314997381833172
"476",2016-05-12,0.11,0.11,1,0.11,60762,5,133,2016.36111111111,1997,2016,0.766044443119418,-0.642787609686015
"477",2016-05-12,0.146,0.146,1,0.146,60762,5,133,2016.36111111111,1997,2016,0.766044443119418,-0.642787609686015
"478",2016-05-26,0.04,0.04,1,0.04,60776,5,147,2016.39936247723,1997,2016,0.591021186093931,-0.806656034247636
"479",2016-06-09,0.048,0.048,1,0.048,60790,6,161,2016.43761384335,1998,2016,0.382022484531687,-0.924153029163589
"480",2016-06-21,0.04,0.04,1,0.04,60802,6,173,2016.4704007286,1998,2016,0.184907469286285,-0.982755935012423
"481",2016-06-22,0.066,0.066,1,0.066,60803,6,174,2016.47313296903,1998,2016,0.168009910298438,-0.985785306261719
"482",2016-07-28,0.04,0.04,1,0.04,60839,7,210,2016.57149362477,1999,2016,-0.434251966871771,-0.900791446045087
"484",2016-08-10,0.04,0.04,1,0.04,60852,8,223,2016.60701275046,2000,2016,-0.622850458535208,-0.782340914373319
"485",2016-08-25,0.04,0.04,1,0.04,60867,8,238,2016.64799635701,2000,2016,-0.801553298875694,-0.597923330420793
"486",2016-09-28,0.074,0.074,1,0.074,60901,9,272,2016.74089253188,2001,2016,-0.998363158804285,-0.0571926843427642
"487",2016-10-19,0.197,0.197,1,0.197,60922,10,293,2016.79826958106,2002,2017,-0.954360037940753,0.298658530736565
"488",2016-10-20,0.163,0.163,1,0.163,60923,10,294,2016.80100182149,2002,2017,-0.949092539975976,0.314997381833486
"489",2016-11-22,0.186,0.186,1,0.186,60956,11,327,2016.89116575592,2003,2017,-0.631763193295026,0.775161446150201
"490",2016-12-07,0.18,0.18,1,0.18,60971,12,342,2016.93214936248,2004,2017,-0.413521289559728,0.91049444978037
"491",2017-01-17,0.144,0.144,1,0.144,61012,1,17,2017.04429223744,2005,2017,0.274717932288172,0.961524860666281
"492",2017-01-26,0.164,0.164,1,0.164,61021,1,26,2017.06894977169,2005,2017,0.41979931105356,0.907616955790799
"493",2017-02-10,0.14,0.14,1,0.14,61036,2,41,2017.1100456621,2006,2017,0.637645026409794,0.770330331932251
"494",2017-02-24,0.084,0.084,1,0.084,61050,2,55,2017.14840182648,2006,2017,0.803073989289543,0.595879323123885
"495",2017-03-09,0.19,0.19,1,0.19,61063,3,69,2017.18401826484,2007,2017,0.915287404690832,0.402801398724385
"496",2017-03-10,0.171,0.171,1,0.171,61064,3,70,2017.18675799087,2007,2017,0.922085358921055,0.386986551269458
"497",2017-03-16,0.139,0.139,1,0.139,61070,3,76,2017.20319634703,2007,2017,0.957070370311754,0.28985566454931
"498",2017-04-19,0.074,0.074,1,0.074,61104,4,110,2017.29634703196,2008,2017,0.957898036048068,-0.287108607560369
"499",2017-05-17,0.04,0.04,1,0.04,61132,5,138,2017.37305936073,2009,2017,0.715676035354114,-0.69843239645639
"500",2017-05-23,0.04,0.04,1,0.04,61138,5,144,2017.38949771689,2009,2017,0.639852503249428,-0.76849773850379
"501",2017-05-25,0.054,0.054,1,0.054,61140,5,146,2017.39497716895,2009,2017,0.613020396441452,-0.790067081675199
"502",2017-06-07,0.066,0.066,1,0.066,61153,6,159,2017.43059360731,2010,2017,0.42240156398011,-0.906408803326157
"503",2017-06-22,0.079,0.079,1,0.079,61168,6,174,2017.47168949772,2010,2017,0.176943553945767,-0.984221000953059
"504",2017-06-22,0.049,0.049,1,0.049,61168,6,174,2017.47168949772,2010,2017,0.176943553945767,-0.984221000953059
"505",2017-07-14,0.064,0.064,1,0.064,61190,7,196,2017.53196347032,2011,2017,-0.199485076228722,-0.979900864558258
"506",2017-07-20,0.067,0.067,1,0.067,61196,7,202,2017.54840182648,2011,2017,-0.299451426797389,-0.95411154640797
"507",2017-07-25,0.043,0.043,1,0.043,61201,7,207,2017.56210045662,2011,2017,-0.380362917061021,-0.924837310733531
"508",2017-08-21,0.04,0.04,1,0.04,61228,8,234,2017.63607305936,2012,2017,-0.754552703993743,-0.656239450883388
"509",2017-08-24,0.043,0.043,1,0.043,61231,8,237,2017.64429223744,2012,2017,-0.78742160869224,-0.616414803654589
"510",2017-09-05,0.053,0.053,1,0.053,61243,9,249,2017.67716894977,2013,2017,-0.8971105382747,-0.44180615898432
"511",2017-09-28,0.04,0.04,1,0.04,61266,9,272,2017.7401826484,2013,2017,-0.99809813046705,-0.0616451292332078
"512",2017-10-19,0.053,0.053,1,0.053,61287,10,293,2017.79771689498,2014,2018,-0.955391411766323,0.29534259821968
"513",2017-11-29,0.186,0.186,1,0.186,61328,11,334,2017.9100456621,2015,2018,-0.535584532344856,0.844481621299683
"514",2017-12-07,0.125,0.125,1,0.125,61336,12,342,2017.93196347032,2016,2018,-0.414584460102861,0.910010838089975
"515",2018-01-17,0.226,0.226,1,0.226,61377,1,17,2018.04429223744,2017,2018,0.274717932288807,0.9615248606661
"516",2018-01-30,0.201,0.201,1,0.201,61390,1,30,2018.0799086758,2017,2018,0.481250764020037,0.876582969336121
"517",2018-01-31,0.23,0.23,1,0.23,61391,1,31,2018.08264840183,2017,2018,0.496268396376822,0.868169153309179
"518",2018-02-14,0.093,0.093,1,0.093,61405,2,45,2018.12100456621,2018,2018,0.689134598651498,0.724633358976413
"519",2018-02-28,0.126,0.126,1,0.126,61419,2,59,2018.15936073059,2018,2018,0.842168892631467,0.539213831688216
"520",2018-03-13,0.094,0.094,1,0.094,61432,3,73,2018.19497716895,2019,2018,0.940832166736302,0.338872887723812
"521",2018-03-28,0.139,0.139,1,0.139,61447,3,88,2018.23607305936,2019,2018,0.99617383188434,0.0873939166582574
"522",2018-04-19,0.142,0.142,1,0.142,61469,4,110,2018.29634703196,2020,2018,0.957898036047878,-0.287108607561002
"523",2018-05-10,0.048,0.048,1,0.048,61490,5,131,2018.35388127854,2021,2018,0.794443662663171,-0.607337852314777
"524",2018-05-17,0.047,0.047,1,0.047,61497,5,138,2018.37305936073,2021,2018,0.715676035353653,-0.698432396456863
"525",2018-05-30,0.061,0.061,1,0.061,61510,5,151,2018.40867579909,2021,2018,0.542833144506916,-0.839840566551017
"526",2018-06-14,0.05,0.05,1,0.05,61525,6,166,2018.4497716895,2022,2018,0.31038098287775,-0.950612247695053
"527",2018-06-21,0.04,0.04,1,0.04,61532,6,173,2018.46894977169,2022,2018,0.193859084474646,-0.981029385577543
"528",2018-07-12,0.04,0.04,1,0.04,61553,7,194,2018.52648401826,2023,2018,-0.165637094531997,-0.986186773849152
"529",2018-08-08,0.047,0.047,1,0.047,61580,8,221,2018.600456621,2024,2018,-0.590103927550486,-0.807327290935647
"530",2018-08-20,0.04,0.04,1,0.04,61592,8,233,2018.63333333333,2024,2018,-0.743144825477792,-0.669130606358417
"531",2018-09-12,0.04,0.04,1,0.04,61615,9,256,2018.69634703196,2025,2018,-0.943713995371671,-0.330762596040783
"532",2018-10-17,0.103,0.103,1,0.103,61650,10,291,2018.79223744292,2026,2019,-0.964991415733854,0.262281466291409
"533",2018-10-30,0.04,0.04,1,0.04,61663,10,304,2018.82785388128,2026,2019,-0.882723003582373,0.4698937102649
"534",2018-12-04,0.491,0.491,1,0.491,61698,12,339,2018.92374429224,2028,2019,-0.461006199485778,0.887396914596664
"535",2018-12-06,0.426,0.426,1,0.426,61700,12,341,2018.92922374429,2028,2019,-0.430187375603368,0.902739620195927
"536",2018-12-18,0.22,0.22,1,0.22,61712,12,353,2018.96210045662,2028,2019,-0.235885668086061,0.971780814582997
"537",2019-01-31,0.302,0.302,1,0.302,61756,1,31,2019.08264840183,2029,2019,0.496268396375817,0.868169153309754
"538",2019-02-14,0.277,0.277,1,0.277,61770,2,45,2019.12100456621,2030,2019,0.689134598650658,0.724633358977211
"539",2019-03-01,0.224,0.224,1,0.224,61785,3,61,2019.16210045662,2031,2019,0.851325795951187,0.524637388248377
"540",2019-03-13,0.153,0.153,1,0.153,61797,3,73,2019.19497716895,2031,2019,0.940832166735909,0.338872887724902
"541",2019-04-03,0.179,0.179,1,0.179,61818,4,94,2019.25251141553,2032,2019,0.999875503288856,-0.0157790342815291
